fighter,stance,knockdowns,sig_strikes_landed,sig_strikes_attempts,head_strikes_landed,head_strikes_attempts,body_strikes_landed,body_strikes_attempts,leg_strikes_landed,leg_strikes_attempts,distance_strikes_landed,distance_strikes_attempts
aalon cruz,Switch,0,2,15,2,6,0,5,0,4,2,15
aaron phillips,Southpaw,0,23,54,8,31,14,19,1,4,21,51
abdul razak alhassan,Orthodox,8,264,541,207,459,30,39,27,43,196,439
abdul-kerim edilov,Orthodox,0,77,125,59,105,16,17,2,3,9,22
abel trujillo,Orthodox,0,79,215,63,192,12,19,4,4,67,193
abu azaitar,Orthodox,0,156,347,78,247,59,80,19,20,112,290
abubakar nurmagomedov,Orthodox,0,104,196,77,168,14,15,13,13,96,185
abus magomedov,Orthodox,1,7,7,6,6,1,1,0,0,3,3
adam fugitt,Southpaw,0,85,146,48,97,24,33,13,16,69,121
adam milstead,Orthodox,0,127,271,105,245,13,17,9,9,101,234
adam wieczorek,Orthodox,0,62,160,28,116,21,28,13,16,43,136
adam yandiev,Orthodox,0,1,12,0,9,0,2,1,1,1,10
adrian yanez,Orthodox,5,282,697,204,582,37,71,41,44,269,673
adriano martins,Southpaw,0,50,114,16,69,6,10,28,35,50,114
aiemann zahabi,Orthodox,2,181,415,117,329,30,46,34,40,166,394
ailin perez,Switch,0,16,34,7,20,9,12,0,2,8,25
aj dobson,Orthodox,0,110,251,79,215,15,20,16,16,94,227
aj fletcher,Switch,0,128,262,101,225,11,18,16,19,111,234
al iaquinta,Orthodox,2,301,757,193,600,64,105,44,52,296,751
alan baudot,Orthodox,1,167,285,123,236,29,33,15,16,112,224
alan jouban,Southpaw,7,479,956,279,691,100,151,100,114,393,826
alan patrick,Southpaw,0,136,306,86,232,35,57,15,17,85,233
alatengheili,Orthodox,1,223,657,150,556,39,54,34,47,212,641
albert duraev,Orthodox,0,126,313,78,246,11,20,37,47,84,242
albert morales,Orthodox,0,278,805,163,645,28,42,87,118,248,750
albert tumenov,Orthodox,0,131,318,89,269,34,41,8,8,123,301
alberto mina,Orthodox,1,28,125,17,101,4,14,7,10,18,103
alberto uda,Orthodox,0,19,36,15,27,4,6,0,3,4,17
alejandro perez,Orthodox,1,402,1122,258,929,51,67,93,126,314,988
aleksa camur,Orthodox,0,199,343,116,232,61,78,22,33,159,294
aleksandar rakic,Orthodox,4,365,724,210,516,63,82,92,126,209,524
aleksandra albu,Orthodox,0,149,343,104,283,41,54,4,6,83,257
aleksei kunchenko,Orthodox,0,220,496,125,362,34,58,61,76,172,432
aleksei oleinik,Orthodox,1,357,734,222,578,86,97,49,59,254,592
alen amedovski,Orthodox,0,20,66,13,54,2,5,5,7,17,61
alessandro costa,Orthodox,0,17,71,6,55,6,10,5,6,16,70
alessio di chirico,Orthodox,3,375,944,254,765,67,114,54,65,314,842
alex caceres,Southpaw,4,837,1635,547,1255,192,259,98,121,723,1472
alex chambers,Southpaw,0,49,79,32,56,10,11,7,12,32,58
alex da silva,Orthodox,1,114,246,72,198,25,29,17,19,87,211
alex garcia,Orthodox,1,113,385,88,347,17,29,8,9,81,331
alex gorgees,Switch,0,10,31,5,21,3,5,2,5,5,26
alex morono,Orthodox,5,1035,2428,829,2140,134,199,72,89,897,2200
alex nicholson,Orthodox,1,117,268,67,201,23,36,27,31,109,254
alex oliveira,Orthodox,5,544,999,294,686,148,201,102,112,316,687
alex pereira,Orthodox,2,284,479,119,262,100,124,65,93,239,422
alex perez,Orthodox,3,258,524,161,390,32,53,65,81,173,408
alex reyes,Orthodox,0,6,13,1,7,4,5,1,1,3,10
alex ricci,Orthodox,0,49,119,19,66,19,38,11,15,34,96
alex white,Southpaw,3,311,673,200,520,89,124,22,29,197,512
alexa grasso,Orthodox,0,762,1760,472,1359,154,217,136,184,629,1579
alexander gustafsson,Orthodox,2,257,589,171,452,29,61,57,76,190,501
alexander hernandez,Orthodox,3,447,1097,240,774,146,239,61,84,360,974
alexander munoz,Switch,0,117,313,72,246,23,43,22,24,110,303
alexander volkanovski,Orthodox,6,1442,2549,903,1843,161,233,378,473,1085,2029
alexander volkov,Orthodox,3,923,1625,574,1199,189,238,160,188,776,1421
alexander yakovlev,Southpaw,1,76,143,32,87,25,34,19,22,46,106
alexandr romanov,Southpaw,0,197,388,153,332,26,36,18,20,44,113
alexandre pantoja,Orthodox,3,512,1059,320,787,111,167,81,105,415,931
alexis davis,Orthodox,0,571,1129,279,774,107,151,185,204,434,943
ali alqaisi,Orthodox,0,73,172,40,128,10,15,23,29,63,157
ali bagautinov,Orthodox,0,126,208,58,125,46,57,22,26,56,122
aliaskhab khizriev,Southpaw,0,42,67,31,53,8,10,3,4,33,56
alistair overeem,Orthodox,5,411,554,246,373,116,128,49,53,172,280
aljamain sterling,Orthodox,0,871,1715,444,1109,286,416,141,190,621,1391
allan nascimento,Orthodox,0,50,100,22,61,12,22,16,17,30,63
allan zuniga,Orthodox,0,59,112,33,78,18,24,8,10,44,96
allen crowder,Orthodox,0,27,69,18,60,1,1,8,8,21,57
alonzo menifield,Orthodox,4,322,549,270,493,26,30,26,26,223,418
alvaro herrera mendoza,Orthodox,0,21,56,13,47,7,8,1,1,17,52
amanda cooper,Switch,0,174,394,134,344,23,31,17,19,112,318
amanda lemos,Southpaw,5,301,525,191,386,69,95,41,44,212,403
amanda nunes,Orthodox,6,698,1351,458,996,91,139,149,216,498,1033
amanda ribas,Orthodox,0,434,1021,276,810,83,127,75,84,359,915
amir albazi,Orthodox,2,129,296,81,235,28,37,20,24,100,254
anderson dos santos,Orthodox,0,124,486,87,433,15,24,22,29,107,461
anderson silva,Southpaw,1,227,453,117,306,61,88,49,59,199,417
andre ewell,Southpaw,1,540,1349,317,1023,165,253,58,73,528,1319
andre fialho,Orthodox,2,129,332,94,287,17,25,18,20,109,303
andre fili,Orthodox,3,637,1741,473,1518,78,118,86,105,581,1635
andre muniz,Southpaw,0,101,229,59,177,23,31,19,21,88,212
andre petroski,Switch,0,161,288,128,248,29,34,4,6,92,197
andre soukhamthath,Orthodox,6,266,604,122,421,88,116,56,67,178,487
andrea lee,Orthodox,1,717,1478,338,968,231,333,148,177,573,1293
andreas michailidis,Orthodox,0,117,227,64,161,31,40,22,26,98,201
andrei arlovski,Orthodox,0,1023,2126,570,1550,242,329,211,247,924,1984
andrew holbrook,Southpaw,0,58,119,34,85,19,27,5,7,36,91
andrew sanchez,Orthodox,3,557,1275,407,1054,99,149,51,72,438,1125
ange loosa,Orthodox,0,217,446,122,329,41,54,54,63,183,402
angela hill,Orthodox,2,1608,3306,980,2449,477,678,151,179,1248,2831
angela magana,Orthodox,0,12,31,3,19,6,8,3,4,10,29
anna elmose,Orthodox,1,69,139,41,102,15,21,13,16,48,111
anshul jubli,Switch,0,38,51,36,47,1,3,1,1,6,14
anthony birchak,Orthodox,0,76,197,35,135,27,46,14,16,53,155
anthony hamilton,Orthodox,1,95,191,39,122,46,55,10,14,39,112
anthony hernandez,Orthodox,0,195,329,164,296,27,29,4,4,110,225
anthony ivy,Orthodox,0,40,95,26,79,10,12,4,4,23,64
anthony johnson,Orthodox,1,37,57,21,39,8,10,8,8,14,31
anthony pettis,Orthodox,2,614,1207,388,885,137,216,89,106,519,1069
anthony rocco martin,Orthodox,2,444,1213,336,1076,38,51,70,86,374,1113
anthony smith,Orthodox,7,566,1156,379,900,106,166,81,90,471,1025
anton turkalj,Orthodox,0,34,57,19,36,7,11,8,10,23,46
anton zafir,Orthodox,0,5,9,1,5,1,1,3,3,4,8
antonina shevchenko,Southpaw,0,328,615,211,466,80,108,37,41,218,470
antonio arroyo,Orthodox,0,95,155,53,102,26,36,16,17,85,141
antonio braga neto,Orthodox,0,18,73,10,60,5,8,3,5,16,71
antonio carlos junior,Orthodox,0,218,500,149,413,33,49,36,38,145,398
antonio silva,Orthodox,0,27,62,7,35,9,16,11,11,24,57
aoriqileng,Orthodox,1,290,596,200,492,68,80,22,24,242,519
ariane carnelossi,Orthodox,0,141,346,99,289,18,31,24,26,100,280
ariane lipski,Orthodox,3,373,955,179,674,151,213,43,68,297,849
ariel beck,Southpaw,0,35,102,8,52,16,37,11,13,34,100
arjan bhullar,Orthodox,1,121,214,104,195,13,14,4,5,63,137
arman tsarukyan,Orthodox,2,388,860,234,660,98,134,56,66,272,700
armen petrosyan,Orthodox,0,276,538,83,309,76,95,117,134,249,504
arnold allen,Southpaw,3,468,1134,340,941,85,126,43,67,424,1051
artem lobov,Southpaw,0,403,966,202,690,71,121,130,155,381,921
ashkan mokhtarian,Southpaw,0,54,124,22,82,13,20,19,22,51,121
ashlee evans-smith,Orthodox,0,423,1246,218,944,128,204,77,98,301,1079
ashley yoder,Southpaw,1,462,1171,305,919,104,176,53,76,330,993
askar askarov,Orthodox,0,229,424,176,360,24,33,29,31,174,354
askar mozharov,Orthodox,0,2,11,1,9,1,2,0,0,2,11
aspen ladd,Orthodox,1,290,617,224,529,51,71,15,17,136,400
augusto mendes,Orthodox,1,83,238,54,194,13,20,16,24,64,209
augusto montano,Orthodox,0,67,149,12,77,7,16,48,56,67,149
augusto sakai,Orthodox,1,430,872,255,633,121,168,54,71,260,661
austin arnett,Orthodox,0,206,483,166,425,37,54,3,4,169,431
austin hubbard,Orthodox,0,326,685,155,434,76,142,95,109,279,621
austin lingo,Orthodox,2,228,570,159,472,55,80,14,18,225,558
austin springer,Orthodox,0,14,32,3,17,2,5,9,10,13,31
azamat murzakanov,Southpaw,3,174,302,117,235,46,55,11,12,114,231
azunna anyanwu,Orthodox,0,37,84,28,60,9,24,0,0,36,82
barb honchak,Orthodox,0,95,316,78,292,4,9,13,15,95,316
bartosz fabinski,Orthodox,0,47,74,33,59,10,11,4,4,16,36
batgerel danaa,Orthodox,3,270,717,205,602,32,69,33,46,230,651
bea malecki,Orthodox,0,184,400,117,307,51,75,16,18,160,365
bec rawlings,Orthodox,0,288,725,201,596,57,95,30,34,246,666
belal muhammad,Orthodox,0,1041,2436,799,2093,130,212,112,131,876,2177
ben askren,Orthodox,0,63,128,54,117,4,6,5,5,46,109
ben nguyen,Switch,1,172,446,119,368,36,57,17,21,141,410
ben rothwell,Orthodox,1,517,1239,367,1061,81,105,69,73,456,1146
ben saunders,Orthodox,1,193,472,84,308,85,132,24,32,130,380
ben sosoli,Southpaw,0,31,114,19,94,11,19,1,1,31,113
beneil dariush,Southpaw,6,555,1068,344,808,120,160,91,100,363,792
benito lopez,Switch,1,156,356,70,221,26,58,60,77,143,337
benoit saint denis,Southpaw,3,117,225,79,178,28,37,10,10,92,189
bethe correia,Orthodox,0,431,1094,244,817,120,182,67,95,383,1018
bevon lewis,Orthodox,0,161,398,71,264,36,61,54,73,114,328
bharat kandare,Orthodox,0,3,30,1,22,0,0,2,8,3,30
bibulatov magomed,Orthodox,0,114,223,59,152,47,61,8,10,61,145
bill algeo,Switch,1,467,867,283,610,104,164,80,93,346,721
billy quarantillo,Orthodox,2,656,1178,481,965,129,163,46,50,414,877
bj penn,Orthodox,1,128,314,108,286,19,25,1,3,108,286
blagoy ivanov,Southpaw,1,378,934,291,831,80,96,7,7,333,874
blake bilder,Switch,0,111,190,62,134,11,17,38,39,107,182
blood diamond,Switch,0,64,101,28,57,27,30,9,14,34,62
bo nickal,Southpaw,0,1,4,0,2,1,2,0,0,0,1
bobby green,Orthodox,2,1223,2303,702,1650,317,409,204,244,995,2025
bobby moffett,Orthodox,0,119,334,74,272,23,36,22,26,114,323
bobby nash,Orthodox,1,65,172,40,136,9,16,16,20,45,141
bojan mihajlovic,Orthodox,0,26,73,7,45,9,14,10,14,21,64
bojan velickovic,Southpaw,1,195,560,93,395,29,54,73,111,166,519
boston salmon,Southpaw,0,12,22,4,13,7,8,1,1,11,21
brad katona,Orthodox,0,200,385,121,272,26,51,53,62,151,317
brad pickett,Orthodox,0,109,318,63,222,20,34,26,62,89,294
brad riddell,Orthodox,1,360,671,233,509,80,110,47,52,297,591
brad scott,Orthodox,2,175,443,104,314,35,81,36,48,165,431
brad tavares,Orthodox,3,456,1008,271,766,70,112,115,130,377,892
brady hiestand,Orthodox,0,85,168,69,147,10,14,6,7,68,148
brandon davis,Orthodox,0,437,1135,247,870,73,116,117,149,389,1068
brandon jenkins,Switch,0,59,143,21,92,10,20,28,31,50,132
brandon moreno,Orthodox,4,740,1812,557,1567,112,159,71,86,625,1621
brandon royval,Southpaw,3,156,410,98,322,36,55,22,33,122,352
brandon thatch,Switch,0,38,67,20,42,5,9,13,16,26,54
brendan allen,Orthodox,2,394,741,233,555,101,121,60,65,305,613
brendan o'reilly,Orthodox,0,33,55,19,37,10,13,4,5,9,22
brett johns,Orthodox,0,253,516,222,470,23,35,8,11,136,372
brian camozzi,Orthodox,0,65,246,35,206,11,16,19,24,64,241
brian kelleher,Switch,3,423,1031,279,794,66,137,78,100,326,901
brian ortega,Switch,4,552,1438,380,1216,107,141,65,81,505,1376
brianna fortino,Southpaw,0,106,255,57,191,36,45,13,19,69,202
brock lesnar,Orthodox,0,51,75,47,71,2,2,2,2,7,20
brogan walker,Switch,0,30,48,16,33,5,5,9,10,28,45
brok weaver,Southpaw,0,75,137,25,75,23,30,27,32,62,118
bruna brasil,Orthodox,0,15,22,7,11,6,8,2,3,9,15
brunno ferreira,Orthodox,1,22,45,15,37,2,3,5,5,20,43
bruno silva,Orthodox,6,374,785,240,604,76,111,58,70,277,633
bruno souza,Orthodox,0,112,281,64,204,30,54,18,23,105,270
bryan barberena,Southpaw,5,994,2037,725,1684,128,171,141,182,756,1707
bryan battle,Orthodox,1,168,306,71,188,72,93,25,25,144,277
bryan caraway,Orthodox,0,88,247,76,230,6,11,6,6,79,222
bryce mitchell,Southpaw,1,217,367,146,267,59,85,12,15,102,223
cain velasquez,Orthodox,1,51,82,35,64,6,7,10,11,29,52
caio borralho,Southpaw,0,62,106,40,73,11,22,11,11,32,72
caio magalhaes,Orthodox,0,26,81,12,52,10,20,4,9,20,72
callan potter,Orthodox,0,58,115,51,107,3,4,4,4,49,105
calvin kattar,Orthodox,5,905,2287,705,2008,122,190,78,89,840,2179
cameron else,Switch,0,17,42,9,30,6,9,2,3,15,39
cameron saaiman,Southpaw,1,170,329,104,244,32,44,34,41,108,241
cameron vancamp,Switch,0,34,71,16,45,8,16,10,10,34,71
carl deaton,Orthodox,0,1,12,1,10,0,2,0,0,1,12
carla esparza,Orthodox,0,407,1012,294,862,60,83,53,67,234,761
carlo pedersoli jr.,Southpaw,0,86,228,46,171,32,47,8,10,81,221
carlos candelario,Southpaw,0,78,182,37,127,25,37,16,18,76,180
carlos condit,Orthodox,1,421,1149,230,856,99,180,92,113,360,1053
carlos felipe,Orthodox,0,366,804,232,635,110,142,24,27,319,748
carlos hernandez,Orthodox,0,87,179,58,139,19,28,10,12,64,142
carlos huachin,Southpaw,0,52,242,39,204,8,31,5,7,49,233
carlos mota,Orthodox,0,12,29,6,19,5,9,1,1,7,22
carlos ulberg,Orthodox,2,241,381,143,269,51,61,47,51,222,356
carls john de tomas,Southpaw,0,38,102,26,80,1,3,11,19,28,86
carlston harris,Orthodox,1,102,196,74,158,23,30,5,8,62,147
carlton minus,Orthodox,0,105,262,79,229,12,18,14,15,104,258
casey kenney,Southpaw,0,536,1184,284,859,140,197,112,128,484,1116
casey o'neill,Orthodox,0,538,964,426,834,76,93,36,37,427,814
cat zingano,Southpaw,0,106,192,53,121,31,42,22,29,49,110
cb dollaway,Orthodox,0,71,110,43,74,15,23,13,13,31,55
cesar arzamendia,Orthodox,0,17,27,11,21,5,5,1,1,14,23
cezar ferreira,Southpaw,0,194,407,97,267,41,68,56,72,143,331
chad anheliger,Orthodox,2,106,273,78,228,15,27,13,18,75,229
chad laprise,Orthodox,3,212,512,136,420,45,59,31,33,169,443
chad mendes,Orthodox,2,45,78,32,61,6,7,7,10,26,51
chan sung jung,Orthodox,3,407,881,332,781,38,53,37,47,322,780
chan-mi jeon,Orthodox,0,187,590,120,482,27,57,40,51,180,573
chance rencountre,Southpaw,0,49,239,20,181,19,46,10,12,43,228
charles byrd,Orthodox,0,61,108,53,98,4,5,4,5,33,68
charles johnson,Switch,0,221,415,115,264,67,101,39,50,172,347
charles jourdain,Switch,6,756,1523,410,1059,205,298,141,166,559,1244
charles oliveira,Orthodox,5,411,724,252,497,107,163,52,64,259,516
charles rosa,Switch,0,455,1252,237,925,76,143,142,184,417,1191
charlie ontiveros,Switch,2,31,72,26,64,4,7,1,1,27,63
charlie ward,Orthodox,0,5,26,4,23,1,2,0,1,4,22
chas skelly,Orthodox,1,143,337,124,303,16,31,3,3,106,285
chase hooper,Southpaw,0,231,524,158,429,37,53,36,42,153,411
chase sherman,Orthodox,3,915,1973,505,1470,189,247,221,256,836,1862
chelsea chandler,Southpaw,0,38,70,34,64,4,6,0,0,17,43
cheyanne vlismas,Switch,1,209,426,159,352,39,60,11,14,176,384
chidi njokuani,Orthodox,2,109,192,43,106,52,69,14,17,67,144
chris avila,Orthodox,0,71,233,51,203,10,20,10,10,60,212
chris barnett,Orthodox,1,148,305,93,237,15,22,40,46,100,227
chris beal,Orthodox,0,76,209,68,197,8,12,0,0,76,209
chris camozzi,Orthodox,1,128,254,100,222,10,12,18,20,99,217
chris curtis,Orthodox,3,340,713,220,553,103,138,17,22,304,670
chris daukaus,Orthodox,6,146,287,127,263,10,14,9,10,103,222
chris de la rocha,Orthodox,0,120,253,91,221,22,25,7,7,83,204
chris dempsey,Orthodox,0,6,10,2,5,2,3,2,2,0,0
chris duncan,Orthodox,0,53,83,12,25,17,21,24,37,43,73
chris fishgold,Orthodox,0,70,217,44,172,10,17,16,28,59,195
chris gruetzemacher,Orthodox,0,348,608,191,428,107,124,50,56,228,458
chris gutierrez,Orthodox,5,562,964,226,520,79,114,257,330,523,908
chris kelades,Orthodox,0,35,112,22,93,7,12,6,7,21,94
chris wade,Orthodox,1,58,131,33,90,13,24,12,17,38,98
chris weidman,Orthodox,0,162,409,114,332,35,58,13,19,129,362
christian aguilera,Switch,0,27,72,16,58,3,4,8,10,27,72
christian colombo,Orthodox,0,81,181,51,145,21,27,9,9,40,120
christian duncan,Switch,0,9,14,3,8,2,2,4,4,8,13
christian rodriguez,Orthodox,0,64,135,55,122,8,11,1,2,35,94
christina marks,Orthodox,0,10,17,6,13,2,2,2,2,7,12
christos giagos,Orthodox,0,239,570,157,461,62,86,20,23,176,457
cindy dandois,Orthodox,0,47,146,34,125,6,8,7,13,28,114
ciryl gane,Orthodox,3,747,1250,329,733,199,264,219,253,662,1145
cj vergara,Orthodox,0,266,466,147,314,90,119,29,33,159,309
claudia gadelha,Orthodox,1,382,938,328,846,37,66,17,26,312,829
claudio puelles,Southpaw,0,136,273,85,198,42,62,9,13,71,180
claudio ribeiro,Orthodox,0,19,31,6,18,3,3,10,10,17,29
claudio silva,Southpaw,0,165,405,88,276,37,81,40,48,119,340
clay guida,Orthodox,2,509,1412,311,1153,85,136,113,123,391,1239
clayton carpenter,Orthodox,0,3,5,2,4,1,1,0,0,3,5
clint hester,Orthodox,0,0,5,0,5,0,0,0,0,0,5
cm punk,Orthodox,0,19,82,10,64,7,13,2,5,10,68
cody brundage,Orthodox,1,47,102,34,85,9,12,4,5,28,79
cody durden,Southpaw,1,158,322,110,262,22,30,26,30,119,268
cody east,Orthodox,0,47,109,33,90,3,6,11,13,37,91
cody garbrandt,Orthodox,7,285,702,196,571,41,68,48,63,253,653
cody pfister,Orthodox,0,28,93,24,88,4,5,0,0,17,75
cody stamann,Orthodox,1,650,1341,425,1037,160,220,65,84,490,1124
colby covington,Orthodox,1,956,2474,670,2093,149,224,137,157,778,2216
cole miller,Orthodox,0,54,187,35,155,10,20,9,12,50,181
cole smith,Orthodox,0,80,226,33,126,24,66,23,34,56,192
cole williams,Orthodox,0,3,11,3,9,0,2,0,0,3,11
collin anglin,Orthodox,0,33,91,18,60,11,25,4,6,27,83
conor mcgregor,Southpaw,7,383,721,258,566,66,84,59,71,299,614
corey anderson,Orthodox,1,397,869,299,742,57,83,41,44,234,627
cortney casey,Orthodox,0,681,1766,458,1457,75,121,148,188,541,1566
cory mckenna,Orthodox,0,152,400,137,377,7,13,8,10,127,370
cory sandhagen,Switch,4,905,2028,607,1670,138,180,160,178,764,1792
court mcgee,Orthodox,3,567,1528,271,1067,123,251,173,210,485,1415
craig white,Orthodox,1,24,59,17,49,4,5,3,5,13,29
cristian quinonez,Orthodox,0,19,47,17,42,0,3,2,2,15,42
cristiane justino,Orthodox,2,460,807,260,573,136,165,64,69,297,582
cristina stanciu,Orthodox,0,44,88,17,54,15,21,12,13,34,74
cub swanson,Orthodox,5,981,1753,549,1212,215,283,217,258,790,1510
curtis blaydes,Orthodox,2,544,1063,368,865,68,79,108,119,246,693
curtis millender,Orthodox,2,222,462,132,330,32,57,58,75,207,441
cynthia calvillo,Orthodox,0,736,1916,394,1361,224,380,118,175,639,1795
cyril asker,Orthodox,0,57,146,51,136,6,10,0,0,20,86
da woon jung,Orthodox,3,218,512,169,446,25,40,24,26,160,437
da'mon blackshear,Switch,0,73,186,33,121,18,27,22,38,63,175
daichi abe,Orthodox,1,171,508,102,404,12,27,57,77,146,470
dakota bush,Orthodox,0,52,134,25,84,8,23,19,27,49,131
dalcha lungiambula,Orthodox,1,215,477,141,377,60,83,14,17,118,339
damian grabowski,Orthodox,0,70,194,42,155,15,19,13,20,58,176
damian stasiak,Orthodox,0,123,354,80,274,25,59,18,21,108,332
damien brown,Orthodox,2,242,627,159,509,38,65,45,53,208,574
damir hadzovic,Orthodox,2,325,675,246,575,49,70,30,30,254,574
damir ismagulov,Orthodox,1,340,797,186,579,105,160,49,58,281,712
damon jackson,Switch,0,224,547,153,450,57,81,14,16,142,423
dan argueta,Southpaw,0,74,144,53,121,12,13,9,10,43,97
dan henderson,Orthodox,3,94,251,55,207,6,8,33,36,80,220
dan hooker,Switch,7,790,1591,471,1153,125,195,194,243,712,1497
dan ige,Orthodox,4,630,1379,406,1088,149,202,75,89,484,1175
dan moret,Southpaw,0,96,219,50,159,28,40,18,20,56,157
daniel cormier,Orthodox,1,489,814,383,675,42,61,64,78,343,629
daniel jolly,Orthodox,0,0,3,0,2,0,0,0,1,0,3
daniel kelly,Southpaw,0,199,535,168,491,14,24,17,20,130,421
daniel lacerda,Switch,3,94,193,54,144,22,30,18,19,76,161
daniel marcos,Orthodox,1,53,78,31,52,20,23,2,3,36,58
daniel omielanczuk,Southpaw,0,222,427,112,294,65,83,45,50,144,328
daniel pineda,Orthodox,1,117,199,76,142,14,25,27,32,64,131
daniel rodriguez,Southpaw,4,770,1517,533,1234,106,142,131,141,741,1474
daniel santos,Orthodox,1,118,363,79,308,29,43,10,12,99,339
daniel sarafian,Orthodox,0,0,0,0,0,0,0,0,0,0,0
daniel spitz,Orthodox,0,105,292,59,218,24,46,22,28,93,275
daniel teymur,Orthodox,0,165,353,87,234,20,24,58,95,114,276
daniel zellhuber,Switch,1,130,385,86,306,28,61,16,18,101,327
danielle taylor,Orthodox,0,206,699,130,586,32,53,44,60,195,680
danilo belluardo,Southpaw,0,13,21,9,17,0,0,4,4,8,14
danilo marques,Orthodox,0,55,69,40,52,12,14,3,3,27,40
danny chavez,Orthodox,0,132,342,73,260,20,31,39,51,109,308
danny henry,Orthodox,2,105,202,74,154,22,38,9,10,61,145
danny roberts,Southpaw,3,355,872,203,676,91,124,61,72,213,674
danyelle wolf,Orthodox,0,20,95,12,80,7,13,1,2,18,92
darian weeks,Orthodox,0,202,394,93,243,55,82,54,69,175,353
darko stosic,Orthodox,0,126,277,72,198,13,23,41,56,86,208
daron cruickshank,Switch,0,32,58,18,39,11,15,3,4,22,41
darrell horcher,Southpaw,0,89,199,68,172,13,18,8,9,39,132
darren elkins,Orthodox,1,733,1677,553,1424,146,204,34,49,427,1254
darren stewart,Orthodox,2,392,860,248,678,58,73,86,109,223,625
darren till,Southpaw,4,301,672,215,559,34,45,52,68,236,578
darrick minner,Orthodox,1,114,169,67,115,31,33,16,21,52,89
davey grant,Orthodox,4,591,1325,282,906,194,286,115,133,499,1189
davi ramos,Orthodox,0,203,538,147,438,31,73,25,27,159,479
david branch,Orthodox,1,80,224,43,173,23,35,14,16,50,181
david dvorak,Orthodox,0,216,511,111,350,48,89,57,72,185,460
david onama,Orthodox,2,226,493,188,441,31,45,7,7,182,425
david teymur,Southpaw,3,299,692,134,467,61,104,104,121,270,646
david zawada,Orthodox,1,238,578,136,455,77,95,25,28,190,498
dean barry,Orthodox,1,36,90,25,78,10,11,1,1,26,74
deanna bennett,Orthodox,0,47,81,25,54,16,21,6,6,27,57
deiveson figueiredo,Orthodox,11,516,934,332,692,136,179,48,63,370,731
demetrious johnson,Orthodox,1,302,492,154,308,82,96,66,88,182,342
demian maia,Southpaw,0,246,581,214,536,28,40,4,5,181,504
denis tiuliulin,Orthodox,2,112,265,85,225,26,38,1,2,90,235
denise gomes,Orthodox,1,73,127,41,83,10,11,22,33,34,72
dennis bermudez,Orthodox,0,406,801,253,606,71,105,82,90,240,572
dennis siver,Orthodox,0,103,280,59,199,9,29,35,52,103,275
denys bondar,Orthodox,0,4,5,2,3,0,0,2,2,4,5
dequan townsend,Orthodox,0,60,172,24,126,30,39,6,7,36,145
derek brunson,Southpaw,4,518,1072,360,846,91,133,67,93,325,771
deron winn,Orthodox,0,303,680,221,585,60,73,22,22,242,591
derrick krantz,Orthodox,0,39,103,28,90,7,9,4,4,35,95
derrick lewis,Orthodox,8,451,935,338,774,85,124,28,37,231,623
desmond green,Southpaw,1,344,746,232,590,62,94,50,62,286,669
devin clark,Orthodox,3,499,900,267,615,140,171,92,114,244,588
devin powell,Orthodox,1,135,324,43,191,35,56,57,77,102,264
devonte smith,Orthodox,2,163,316,94,231,37,50,32,35,117,255
dhiego lima,Orthodox,2,209,574,110,444,43,64,56,66,195,555
diana belbita,Orthodox,1,307,724,172,559,75,98,60,67,259,653
diego brandao,Orthodox,0,56,108,38,87,10,11,8,10,51,99
diego ferreira,Orthodox,1,486,1259,354,1046,92,164,40,49,377,1108
diego rivas,Orthodox,1,54,131,26,83,13,29,15,19,34,110
diego sanchez,Southpaw,0,275,571,168,418,69,106,38,47,137,385
dmitrii smoliakov,Switch,0,20,47,11,34,7,10,2,3,12,35
dmitry sosnovskiy,Orthodox,0,28,40,22,32,5,7,1,1,10,18
domingo pilarte,Southpaw,0,15,36,7,23,6,9,2,4,7,25
dominic waters,Orthodox,0,3,16,1,12,2,2,0,2,3,15
dominick cruz,Orthodox,1,604,1660,416,1397,87,148,101,115,577,1618
dominick reyes,Southpaw,4,400,800,191,542,121,157,88,101,331,711
dominique steele,Orthodox,1,101,223,63,167,31,47,7,9,50,142
don madge,Southpaw,2,42,80,25,59,12,14,5,7,20,49
don shainis,Orthodox,0,53,105,26,68,20,26,7,11,30,74
don'tale mayes,Orthodox,0,219,523,116,387,62,83,41,53,187,477
donald cerrone,Orthodox,12,924,2008,524,1524,245,309,155,175,786,1813
dong hyun kim,Southpaw,0,55,161,44,144,9,14,2,3,42,144
dong hyun ma,Orthodox,1,216,525,154,435,22,42,40,48,175,464
dooho choi,Orthodox,2,217,418,130,315,51,61,36,42,162,347
douglas silva de andrade,Orthodox,5,413,984,234,714,96,151,83,119,375,932
drakkar klose,Orthodox,2,510,926,263,644,150,166,97,116,285,643
drako rodriguez,Orthodox,0,66,184,51,165,3,5,12,14,57,173
drew dober,Southpaw,8,617,1440,412,1164,134,188,71,88,478,1248
dricus du plessis,Switch,3,321,580,217,440,40,52,64,88,223,443
duda santana,Orthodox,0,42,106,36,90,2,10,4,6,40,102
dusko todorovic,Orthodox,0,244,457,185,391,44,50,15,16,116,285
dustin jacoby,Orthodox,3,640,1357,430,1088,90,130,120,139,594,1288
dustin ortiz,Orthodox,2,209,540,112,406,68,93,29,41,110,400
dustin poirier,Southpaw,5,1088,2119,910,1883,99,137,79,99,867,1801
dustin stoltzfus,Orthodox,0,160,401,98,321,28,40,34,40,124,348
dwight grant,Switch,3,287,826,185,689,44,66,58,71,242,748
ed herman,Orthodox,2,408,892,274,723,68,95,66,74,291,719
eddie alvarez,Orthodox,1,321,768,211,618,83,113,27,37,250,672
eddie wineland,Orthodox,5,218,733,142,598,64,117,12,18,206,709
edgar garcia,Orthodox,0,1,3,1,3,0,0,0,0,1,3
edmen shahbazyan,Orthodox,3,213,426,140,334,57,74,16,18,139,312
edson barboza,Orthodox,7,714,1510,329,995,205,293,180,222,655,1428
eduardo garagorri,Orthodox,0,107,209,77,164,22,34,8,11,87,184
efrain escudero,Orthodox,0,70,114,34,69,13,18,23,27,53,96
elias garcia,Southpaw,1,35,127,19,103,4,8,12,16,32,124
elias theodorou,Orthodox,0,461,1108,177,621,154,278,130,209,321,904
elise reed,Orthodox,1,149,284,82,201,32,40,35,43,111,241
elizabeth phillips,Orthodox,0,15,34,5,19,3,8,7,7,9,27
elizeu zaleski dos santos,Orthodox,2,620,1473,374,1120,146,227,100,126,444,1220
elves brener,Orthodox,0,69,157,30,101,23,35,16,21,66,153
elvis mutapcic,Orthodox,0,131,322,73,250,42,52,16,20,66,224
emil meek,Switch,0,151,383,100,308,35,49,16,26,77,281
emily ducote,Orthodox,0,187,378,90,260,42,56,55,62,177,364
emily whitmire,Orthodox,0,79,252,50,216,13,20,16,16,60,225
enrique barzola,Orthodox,0,549,1341,317,1045,126,174,106,122,418,1154
eric shelton,Orthodox,0,231,543,183,482,31,39,17,22,133,421
eric spicely,Orthodox,0,170,376,143,342,21,28,6,6,108,302
erick gonzalez,Orthodox,0,30,82,21,68,5,8,4,6,27,77
erick montano,Orthodox,0,24,48,13,30,1,6,10,12,12,33
erick silva,Orthodox,1,108,252,60,183,28,44,20,25,87,213
erik koch,Southpaw,0,120,288,96,255,18,24,6,9,81,238
erik perez,Orthodox,0,90,252,41,193,35,45,14,14,48,195
erik silva,Orthodox,0,21,29,12,19,6,7,3,3,13,20
erin blanchfield,Orthodox,0,290,537,218,455,38,43,34,39,175,390
eryk anders,Southpaw,7,609,1285,431,1048,141,186,37,51,371,940
esteban ribovics,Orthodox,1,66,129,52,114,11,12,3,3,61,124
evan dunham,Southpaw,0,212,499,191,467,20,31,1,1,171,444
evan elder,Switch,1,97,202,37,130,47,58,13,14,86,187
fabio cherant,Southpaw,0,28,65,10,42,16,20,2,3,28,65
fabricio werdum,Orthodox,2,408,732,236,525,97,124,75,83,314,595
fares ziam,Orthodox,0,157,350,98,289,26,28,33,33,126,294
farid basharat,Orthodox,0,58,96,36,70,14,17,8,9,42,79
felice herrig,Orthodox,0,389,1070,239,836,109,165,41,69,295,943
felicia spencer,Orthodox,0,245,502,167,389,43,68,35,45,120,338
felipe arantes,Orthodox,0,88,242,58,200,10,21,20,21,84,234
felipe colares,Orthodox,0,191,422,116,312,61,89,14,21,147,352
felipe olivieri,Orthodox,0,87,150,31,81,28,37,28,32,77,136
felipe silva,Orthodox,2,81,162,54,126,16,23,11,13,36,95
fernie garcia,Orthodox,0,58,147,37,120,7,13,14,14,57,144
filip pejic,Orthodox,0,0,2,0,2,0,0,0,0,0,2
francimar barroso,Orthodox,0,205,377,117,271,36,49,52,57,174,329
francis marshall,Orthodox,1,23,81,20,78,2,2,1,1,15,72
francis ngannou,Orthodox,7,204,510,137,417,38,61,29,32,134,409
francisco figueiredo,Southpaw,0,73,118,29,61,19,27,25,30,54,92
francisco prado,Orthodox,0,28,75,18,58,4,10,6,7,28,75
francisco rivera,Orthodox,0,124,323,98,290,10,16,16,17,118,313
francisco trinaldo,Southpaw,2,678,1459,439,1139,179,252,60,68,507,1225
frank camacho,Orthodox,0,443,955,344,821,90,123,9,11,397,891
frank mir,Southpaw,0,1,10,1,10,0,0,0,0,1,10
frankie edgar,Orthodox,0,614,1467,411,1173,112,190,91,104,496,1304
frankie perez,Orthodox,0,42,114,13,74,11,18,18,22,24,87
frankie saenz,Orthodox,2,252,530,114,342,72,110,66,78,165,416
fredy serrano,Orthodox,0,44,147,19,112,17,23,8,12,36,131
gabe green,Switch,2,335,743,154,520,103,130,78,93,302,694
gabriel benitez,Southpaw,4,436,1084,253,854,102,135,81,95,374,989
gabriel bonfim,Orthodox,0,9,22,6,18,2,2,1,2,9,22
gabriel gonzaga,Orthodox,0,5,7,3,5,1,1,1,1,0,2
gabriel miranda,Orthodox,0,20,37,13,30,7,7,0,0,17,34
gabriel santos,Orthodox,0,69,122,32,73,24,34,13,15,55,105
gabriel silva,Orthodox,0,39,113,29,99,6,10,4,4,33,101
gabriella fernandes,Southpaw,0,26,56,10,37,8,10,8,9,25,55
gadzhi omargadzhiev,Switch,0,50,137,28,97,18,34,4,6,33,115
gadzhimurad antigulov,Orthodox,0,43,78,28,62,10,11,5,5,16,41
gaetano pirrello,Orthodox,0,11,20,4,11,2,3,5,6,9,17
galore bofando,Switch,1,23,51,19,44,2,4,2,3,11,28
garreth mclellan,Southpaw,0,75,186,31,116,28,48,16,22,53,156
garrett armfield,Orthodox,0,21,72,15,61,4,9,2,2,20,68
gaston bolanos,Orthodox,0,63,127,32,82,7,14,24,31,43,93
gavin tucker,Southpaw,0,309,685,189,528,78,111,42,46,247,598
geane herrera,Orthodox,0,35,132,29,123,4,5,2,4,23,114
gegard mousasi,Orthodox,1,228,452,160,374,24,28,44,50,143,319
genaro valdez,Orthodox,0,59,196,35,157,10,22,14,17,48,175
geoff neal,Southpaw,7,595,1176,531,1093,40,57,24,26,489,1019
george sullivan,Orthodox,0,35,83,16,59,8,9,11,15,18,56
georges st-pierre,Orthodox,1,59,119,41,92,5,12,13,15,39,92
gerald meerschaert,Southpaw,3,441,1006,315,864,82,97,44,45,344,860
geraldo de freitas,Orthodox,0,165,316,118,260,36,44,11,12,140,283
germaine de randamie,Orthodox,2,221,455,108,318,77,95,36,42,135,343
gian villante,Orthodox,2,606,1455,428,1210,90,143,88,102,553,1384
giga chikadze,Orthodox,6,431,1031,268,800,102,152,61,79,383,953
gilbert burns,Orthodox,4,678,1339,422,1012,140,174,116,153,488,1089
gilbert melendez,Orthodox,0,91,371,81,346,6,18,4,7,85,360
gilbert urbina,Orthodox,0,45,76,33,62,9,11,3,3,15,39
gillian robertson,Orthodox,0,304,617,209,469,48,83,47,65,148,417
gina mazany,Southpaw,1,245,481,130,339,79,100,36,42,154,347
glaico franca moreira,Orthodox,0,82,216,62,187,8,14,12,15,53,180
gleison tibau,Southpaw,0,30,182,21,161,6,18,3,3,30,180
gloria de paula,Orthodox,0,229,436,168,367,35,42,26,27,201,405
glover teixeira,Orthodox,2,578,1062,480,945,82,101,16,16,300,705
godofredo pepey,Orthodox,0,100,271,82,243,15,25,3,3,71,232
gokhan saki,Orthodox,2,45,77,37,67,2,4,6,6,44,76
grant dawson,Switch,1,309,596,183,434,70,98,56,64,193,434
gray maynard,Orthodox,0,71,164,41,125,23,28,7,11,34,103
greg hardy,Orthodox,1,343,688,203,506,51,71,89,111,257,581
gregor gillespie,Orthodox,2,221,418,186,377,20,26,15,15,68,210
gregory rodrigues,Orthodox,4,318,576,243,483,64,77,11,16,257,482
grigory popov,Switch,0,90,238,40,154,34,61,16,23,77,211
guangyou ning,Southpaw,0,46,107,23,67,5,8,18,32,30,82
guido cannetti,Southpaw,0,183,328,75,190,42,64,66,74,131,265
gunnar nelson,Switch,0,136,200,102,160,23,27,11,13,57,116
guram kutateladze,Orthodox,1,115,273,41,177,40,57,34,39,99,254
gustavo lopez,Orthodox,0,107,266,68,212,24,32,15,22,83,220
hacran dias,Orthodox,0,112,306,85,261,9,24,18,21,105,289
hakeem dawodu,Orthodox,1,639,1267,297,809,186,270,156,188,536,1136
hamdy abdelwahab,Southpaw,1,58,110,51,102,5,6,2,2,30,74
hannah cifers,Orthodox,2,291,654,128,423,90,136,73,95,215,541
hannah goldy,Orthodox,0,166,403,82,277,50,71,34,55,116,332
harry hunsucker,Orthodox,0,9,19,3,12,1,1,5,6,9,19
heather clark,Orthodox,0,110,239,63,174,33,49,14,16,87,209
hector aldana,Orthodox,0,116,302,64,225,13,26,39,51,109,289
hector lombard,Southpaw,4,250,470,148,337,23,37,79,96,170,358
hector sandoval,Orthodox,0,71,136,40,98,22,27,9,11,31,73
hector urbina,Orthodox,0,5,17,4,15,0,1,1,1,5,17
henrique da silva,Orthodox,0,184,326,105,227,63,78,16,21,86,197
henry briones,Orthodox,0,111,248,58,182,41,53,12,13,103,234
henry cejudo,Orthodox,4,356,777,215,596,87,115,54,66,224,596
herbert burns,Orthodox,1,32,61,18,39,12,19,2,3,14,36
holly holm,Southpaw,1,629,1483,288,1009,183,266,158,208,514,1319
hu yaozong,Orthodox,0,125,257,56,171,30,35,39,51,99,219
humberto bandenay,Southpaw,1,69,165,39,127,20,25,10,13,55,148
hunter azure,Orthodox,1,190,386,103,269,43,65,44,52,151,327
hyun gyu lim,Orthodox,0,51,162,34,136,4,7,13,19,51,162
hyunsung park,Orthodox,0,38,91,20,61,1,3,17,27,37,88
ian entwistle,Orthodox,0,0,2,0,2,0,0,0,0,0,2
ian garry,Orthodox,3,335,596,203,443,70,88,62,65,313,566
ian heinisch,Orthodox,2,276,552,158,387,50,81,68,84,191,433
iasmin lucindo,Orthodox,0,66,181,42,148,15,22,9,11,64,179
ignacio bahamondes,Orthodox,1,442,934,230,652,108,161,104,121,412,891
igor pokrajac,Orthodox,0,35,73,33,70,2,3,0,0,15,46
ihor potieria,Southpaw,1,59,111,42,93,6,7,11,11,44,93
ike villanueva,Orthodox,1,92,239,72,214,18,22,2,3,78,213
ilia topuria,Orthodox,3,122,246,81,181,34,57,7,8,88,197
ilir latifi,Orthodox,3,214,442,159,366,33,49,22,27,130,328
impa kasanganay,Orthodox,0,132,327,101,274,18,38,13,15,126,316
inoue mizuki,Orthodox,0,150,298,116,257,25,32,9,9,108,251
ion cutelaba,Southpaw,2,497,1145,381,988,81,120,35,37,255,808
irene aldana,Orthodox,3,810,2033,549,1635,110,197,151,201,700,1883
irwin rivera,Southpaw,0,151,343,99,266,29,52,23,25,136,320
isabela de padua,Orthodox,0,15,42,15,42,0,0,0,0,6,26
islam makhachev,Southpaw,3,301,504,202,394,86,95,13,15,154,317
ismael bonfim,Orthodox,1,34,49,16,30,16,17,2,2,24,39
ismail naurdiev,Orthodox,0,190,359,95,237,47,61,48,61,145,294
israel adesanya,Switch,13,1054,2115,529,1442,196,289,329,384,958,1987
istela nunes,Orthodox,1,187,407,109,302,54,80,24,25,165,379
iuri alcantara,Southpaw,2,166,401,91,299,48,71,27,31,122,345
jacare souza,Orthodox,2,325,621,220,464,84,131,21,26,216,477
jack della maddalena,Switch,5,108,208,81,165,22,34,5,9,83,175
jack hermansson,Orthodox,0,878,1988,484,1455,186,283,208,250,654,1688
jack jenkins,Switch,0,82,123,45,81,23,26,14,16,53,90
jack marshman,Orthodox,3,224,875,144,708,50,117,30,50,209,848
jack shore,Orthodox,2,320,546,219,427,45,51,56,68,233,423
jacob kilburn,Orthodox,0,67,207,47,174,11,23,9,10,62,195
jacob malkoun,Orthodox,0,223,404,201,379,18,21,4,4,142,285
jafel filho,Orthodox,0,9,37,1,23,2,2,6,12,9,36
jai herbert,Orthodox,3,153,358,91,286,40,46,22,26,107,302
jailton almeida,Orthodox,0,110,166,107,160,2,3,1,3,2,10
jairzinho rozenstruik,Orthodox,7,258,560,155,434,29,37,74,89,202,483
jake collier,Orthodox,2,577,1270,403,1052,94,129,80,89,487,1136
jake ellenberger,Orthodox,2,96,228,72,196,16,22,8,10,60,175
jake hadley,Southpaw,1,108,219,57,161,29,36,22,22,73,177
jake matthews,Orthodox,5,446,1060,331,889,64,108,51,63,342,893
jalin turner,Southpaw,5,316,694,212,549,90,127,14,18,224,559
jamahal hill,Southpaw,4,515,976,352,781,124,152,39,43,419,857
jamal pogues,Orthodox,0,33,60,29,56,3,3,1,1,20,47
jamall emmers,Orthodox,0,229,481,120,326,76,99,33,56,178,413
james bochnovic,Orthodox,0,8,30,2,22,4,6,2,2,5,26
james krause,Orthodox,3,487,885,380,754,62,82,45,49,440,819
james moontasri,Switch,0,58,121,20,67,25,40,13,14,48,106
james mulheron,Orthodox,0,36,114,15,85,18,25,3,4,30,104
james te huna,Orthodox,0,1,7,0,4,1,3,0,0,1,7
james vick,Orthodox,3,345,798,200,591,96,145,49,62,306,741
jamey simmons,Orthodox,0,9,41,6,35,1,3,2,3,8,40
jamie moyle,Orthodox,0,203,394,97,262,63,85,43,47,157,330
jamie mullarkey,Orthodox,2,307,668,163,481,69,104,75,83,252,582
jamie pickett,Orthodox,0,207,426,121,317,68,87,18,22,166,370
jan blachowicz,Orthodox,6,765,1533,477,1153,165,232,123,148,583,1283
jaqueline amorim,Orthodox,0,12,52,12,42,0,7,0,3,11,49
jared cannonier,Switch,5,714,1424,426,1042,163,225,125,157,576,1258
jared gooden,Orthodox,1,289,609,161,434,81,118,47,57,257,568
jared gordon,Orthodox,0,777,1321,553,1036,141,194,83,91,493,948
jared rosholt,Orthodox,0,36,120,26,106,5,7,5,7,34,115
jared vanderaa,Orthodox,0,397,895,207,675,88,111,102,109,347,824
jarjis danho,Orthodox,1,100,198,71,159,21,29,8,10,60,139
jarno errens,Orthodox,0,20,53,10,32,8,14,2,7,15,47
jarred brooks,Switch,0,112,243,73,196,32,37,7,10,45,163
jasmine jasudavicius,Orthodox,0,105,265,66,207,34,52,5,6,70,214
jason gonzalez,Southpaw,0,46,116,31,96,7,11,8,9,39,107
jason knight,Orthodox,3,310,960,202,797,48,81,60,82,251,872
jason novelli,Orthodox,0,37,154,19,125,5,13,13,16,34,148
jason saggo,Orthodox,0,122,331,60,229,22,45,40,57,87,279
jason witt,Orthodox,1,70,157,51,129,13,22,6,6,44,117
javid basharat,Orthodox,0,264,443,164,325,70,86,30,32,208,378
jay cucciniello,Orthodox,0,14,64,8,55,5,8,1,1,13,60
jay perrin,Switch,0,134,282,82,209,39,55,13,18,110,251
jc cottrell,Orthodox,0,15,59,10,53,1,1,4,5,15,58
jeff hughes,Orthodox,0,116,250,64,177,17,24,35,49,104,231
jeff molina,Orthodox,3,292,566,249,515,30,35,13,16,236,497
jeka saragih,Orthodox,0,14,25,2,10,3,4,9,11,10,20
jenel lausa,Orthodox,2,78,184,68,166,7,14,3,4,67,166
jennifer maia,Orthodox,0,740,1921,536,1662,108,153,96,106,633,1776
jeongyeong lee,Orthodox,0,25,57,18,50,7,7,0,0,18,49
jeremiah wells,Switch,2,43,87,38,81,5,6,0,0,17,52
jeremy kennedy,Orthodox,0,122,264,97,228,16,25,9,11,42,142
jeremy kimball,Switch,1,30,64,21,54,2,2,7,8,19,46
jeremy stephens,Orthodox,8,481,1314,287,1058,71,99,123,157,400,1201
jerome rivera,Southpaw,0,74,257,23,163,18,42,33,52,64,234
jerrod sanders,Orthodox,0,6,10,6,10,0,0,0,0,0,1
jesse ronson,Southpaw,1,94,189,57,137,18,29,19,23,85,175
jesse strader,Orthodox,0,78,151,20,71,29,46,29,34,63,134
jesse taylor,Orthodox,0,21,24,21,24,0,0,0,0,1,1
jessica aguilar,Orthodox,0,244,431,133,298,77,98,34,35,131,281
jessica andrade,Orthodox,2,1117,2252,684,1679,276,400,157,173,752,1714
jessica eye,Orthodox,0,617,1686,349,1323,165,237,103,126,522,1562
jessica penne,Orthodox,0,208,644,123,510,84,130,1,4,166,588
jessica-rose clark,Orthodox,0,377,721,246,552,62,91,69,78,263,580
jessin ayari,Orthodox,0,163,432,119,369,20,35,24,28,140,396
jesus aguilar,Orthodox,0,2,2,0,0,1,1,1,1,2,2
jesus pinedo,Southpaw,0,97,255,53,177,26,43,18,35,75,219
ji yeon kim,Orthodox,1,752,2042,562,1785,112,164,78,93,687,1934
jim alers,Orthodox,0,41,100,32,87,2,4,7,9,39,95
jim miller,Southpaw,2,615,1340,348,1015,140,180,127,145,465,1113
jim wallhead,Orthodox,1,79,295,55,259,12,21,12,15,75,287
jimi manuwa,Orthodox,2,106,219,49,149,39,48,18,22,68,174
jimmie rivera,Orthodox,2,441,1108,219,792,94,155,128,161,377,1019
jimmy crute,Orthodox,3,126,246,88,199,11,17,27,30,74,165
jimmy flick,Orthodox,0,13,27,7,13,3,5,3,9,13,27
jin soo son,Orthodox,0,153,420,125,375,18,32,10,13,125,383
jinh yu frey,Southpaw,0,232,518,133,383,37,62,62,73,194,471
jiri prochazka,Orthodox,2,230,414,196,376,31,35,3,3,179,337
jj aldrich,Southpaw,0,659,1450,537,1291,85,113,37,46,541,1284
joachim christensen,Orthodox,2,93,225,68,194,19,22,6,9,49,156
joanderson brito,Orthodox,1,58,132,38,106,5,9,15,17,44,107
joanna jedrzejczyk,Orthodox,0,1271,2601,539,1620,322,468,410,513,1046,2302
joanne wood,Orthodox,2,983,1946,406,1142,239,364,338,440,799,1711
joaquim silva,Southpaw,2,247,589,147,456,68,98,32,35,205,518
joaquin buckley,Southpaw,6,330,1013,171,766,113,191,46,56,288,954
joby sanchez,Orthodox,0,56,129,46,116,9,12,1,1,52,122
jocelyn jones-lybarger,Orthodox,0,100,308,75,270,7,16,18,22,93,296
jodie esquibel,Orthodox,0,246,784,160,621,73,148,13,15,216,735
joe duffy,Orthodox,1,145,420,94,350,30,46,21,24,123,387
joe giannetti,Southpaw,0,29,75,3,43,11,17,15,15,27,69
joe lauzon,Orthodox,1,216,487,192,453,22,29,2,5,114,349
joe proctor,Orthodox,0,8,23,4,16,2,5,2,2,8,23
joe pyfer,Orthodox,1,28,69,18,58,9,10,1,1,19,55
joe riggs,Southpaw,0,0,0,0,0,0,0,0,0,0,0
joe solecki,Orthodox,0,161,291,134,260,13,17,14,14,90,204
joe soto,Orthodox,0,175,364,141,314,11,15,23,35,148,334
joel alvarez,Orthodox,0,130,294,82,228,23,35,25,31,103,257
joey gomez,Orthodox,1,59,207,36,170,9,21,14,16,47,184
john allan,Orthodox,0,161,403,96,319,26,41,39,43,135,362
john castaneda,Switch,3,212,440,143,344,24,38,45,58,175,393
john dodson,Orthodox,4,421,958,246,754,122,148,53,56,382,903
john gunther,Orthodox,0,28,74,22,63,2,6,4,5,21,65
john lineker,Orthodox,4,522,1310,274,881,192,345,56,84,439,1174
john makdessi,Orthodox,1,610,1218,287,753,133,225,190,240,576,1160
john moraga,Orthodox,1,188,451,130,373,31,48,27,30,125,371
john phillips,Southpaw,2,94,274,42,198,27,47,25,29,81,245
johnny case,Orthodox,0,127,354,66,261,33,55,28,38,118,338
johnny eduardo,Orthodox,1,110,231,59,166,11,19,40,46,95,213
johnny munoz,Orthodox,0,143,383,79,296,43,58,21,29,103,336
johnny walker,Orthodox,4,164,288,100,186,17,32,47,70,90,196
johny hendricks,Southpaw,0,183,444,108,352,17,23,58,69,146,385
jon jones,Orthodox,1,552,857,183,380,152,193,217,284,417,700
jon tuck,Orthodox,1,132,355,75,281,30,43,27,31,112,318
jonathan martinez,Southpaw,7,751,1505,427,1070,182,260,142,175,599,1311
jonathan meunier,Switch,0,90,178,49,116,14,23,27,39,63,141
jonathan pearce,Switch,0,289,532,211,431,51,71,27,30,138,342
jonathan wilson,Southpaw,1,113,235,83,201,21,24,9,10,93,207
jonavin webb,Orthodox,0,21,77,13,65,8,12,0,0,13,61
jordan espinosa,Orthodox,0,243,496,138,361,44,55,61,80,175,409
jordan griffin,Southpaw,0,169,355,146,327,21,25,2,3,127,290
jordan johnson,Orthodox,0,175,367,152,335,13,19,10,13,118,288
jordan leavitt,Southpaw,1,133,217,27,76,33,60,73,81,113,185
jordan mein,Orthodox,0,135,287,79,217,18,26,38,44,93,203
jordan rinaldi,Orthodox,0,81,230,39,158,11,27,31,45,68,203
jordan williams,Southpaw,0,65,183,48,161,8,13,9,9,56,170
jordan wright,Orthodox,2,145,252,82,177,54,65,9,10,64,157
jorge masvidal,Orthodox,7,697,1409,400,999,151,214,146,196,488,1119
jose aldo,Orthodox,3,729,1485,468,1130,187,269,74,86,675,1414
jose quinonez,Southpaw,3,301,636,145,419,57,99,99,118,243,545
jose torres,Orthodox,0,51,138,36,118,12,17,3,3,37,120
joselyne edwards,Orthodox,0,477,901,157,428,162,274,158,199,415,820
joseph benavidez,Southpaw,2,410,1088,215,755,117,207,78,126,349,990
joseph gigliotti,Orthodox,0,20,51,12,42,6,6,2,3,11,39
joseph holmes,Orthodox,1,87,156,49,106,20,28,18,22,69,133
joseph morales,Switch,1,45,121,31,102,10,13,4,6,24,79
josh barnett,Orthodox,0,88,150,61,118,24,29,3,3,46,93
josh culibao,Orthodox,3,178,412,103,302,37,64,38,46,155,377
josh emmett,Orthodox,11,642,1697,421,1397,130,197,91,103,522,1518
josh fremd,Orthodox,0,88,169,45,120,30,36,13,13,62,137
josh parisian,Orthodox,0,282,583,167,440,90,115,25,28,201,470
josh quinlan,Orthodox,1,3,12,2,8,0,0,1,4,3,12
josh samman,Orthodox,0,17,39,7,23,5,11,5,5,13,26
josh stansbury,Orthodox,0,101,185,69,147,17,23,15,15,64,134
joshua burkman,Orthodox,0,160,363,48,203,29,51,83,109,143,340
joshua weems,Orthodox,0,18,26,9,15,6,7,3,4,12,19
josiane nunes,Southpaw,3,252,562,167,444,58,84,27,34,206,490
journey newson,Orthodox,1,128,387,49,264,37,63,42,60,116,374
jp buys,Orthodox,0,32,91,15,59,9,21,8,11,26,84
juan adams,Orthodox,0,177,347,136,300,31,35,10,12,98,251
juancamilo ronderos,Southpaw,0,12,39,5,31,2,2,5,6,9,31
julia avila,Orthodox,1,142,320,97,263,27,37,18,20,103,266
julian erosa,Southpaw,1,600,1260,390,973,150,215,60,72,483,1102
julian marquez,Orthodox,1,276,624,211,530,47,70,18,24,185,495
juliana lima,Orthodox,0,106,235,46,149,34,46,26,40,40,152
juliana miller,Orthodox,0,84,164,63,135,14,21,7,8,47,106
julianna pena,Orthodox,0,288,602,211,505,72,89,5,8,197,490
julio arce,Southpaw,1,474,1364,342,1152,107,181,25,31,440,1307
junior albini,Orthodox,1,116,227,70,168,27,38,19,21,90,191
junior dos santos,Orthodox,2,379,748,186,492,166,223,27,33,358,699
junyong park,Orthodox,0,443,865,363,777,38,44,42,44,360,751
jussier formiga,Orthodox,1,166,376,123,321,22,31,21,24,125,321
justin frazier,Southpaw,0,4,6,0,2,4,4,0,0,0,1
justin gaethje,Orthodox,5,820,1363,519,1013,74,92,227,258,708,1220
justin jaynes,Orthodox,2,134,302,98,256,31,40,5,6,115,276
justin ledet,Orthodox,0,218,559,203,537,13,18,2,4,208,545
justin salas,Southpaw,0,1,3,0,1,1,1,0,1,1,3
justin scoggins,Southpaw,1,170,371,111,274,31,66,28,31,116,307
justin tafa,Southpaw,3,189,345,105,248,56,68,28,29,163,310
justin willis,Southpaw,2,211,356,176,310,19,26,16,20,168,296
justine kish,Orthodox,1,469,975,205,611,108,168,156,196,399,871
kai kamaka,Orthodox,1,270,473,116,292,113,133,41,48,227,422
kai kara-france,Orthodox,6,557,1368,361,1099,71,117,125,152,472,1227
kailin curran,Orthodox,0,190,442,129,365,43,57,18,20,130,352
kajan johnson,Orthodox,1,110,257,29,142,34,52,47,63,97,238
kalindra faria,Switch,0,51,91,38,74,9,12,4,5,20,56
kamaru usman,Switch,10,1271,2448,798,1865,373,469,100,114,739,1775
kamuela kirk,Switch,0,50,117,22,77,14,23,14,17,45,111
kanako murata,Orthodox,0,52,87,39,69,10,14,3,4,23,54
karine silva,Orthodox,0,17,68,9,49,5,8,3,11,12,63
karl roberson,Southpaw,1,208,404,127,299,37,54,44,51,122,303
karl williams,Orthodox,1,38,58,31,50,4,5,3,3,22,34
karol rosa,Orthodox,1,553,979,344,725,83,97,126,157,412,792
karolina kowalkiewicz,Orthodox,0,888,2169,567,1716,216,309,105,144,647,1852
katlyn chookagian,Orthodox,1,1038,3007,633,2398,248,410,157,199,917,2843
kay hansen,Orthodox,0,173,343,116,268,43,55,14,20,136,297
kazula vargas,Southpaw,0,138,256,77,179,38,49,23,28,118,233
kb bhullar,Switch,0,72,146,5,53,12,21,55,72,71,145
keita nakamura,Southpaw,2,192,534,135,436,39,66,18,32,160,483
keith berish,Orthodox,0,61,168,39,136,6,13,16,19,57,160
kelly faszholz,Orthodox,0,120,249,76,190,35,49,9,10,97,209
kelvin gastelum,Southpaw,6,708,1658,484,1372,114,158,110,128,615,1518
kennedy nzechukwu,Southpaw,2,348,716,310,658,36,55,2,3,277,627
kenny robertson,Orthodox,0,28,134,11,110,6,9,11,15,21,125
ketlen vieira,Orthodox,0,499,1213,387,1077,73,93,39,43,385,1077
kevin aguilar,Orthodox,1,320,822,187,644,114,152,19,26,272,754
kevin casey,Southpaw,0,100,183,54,132,27,31,19,20,62,140
kevin croom,Orthodox,1,83,243,48,192,14,26,21,25,78,231
kevin holland,Orthodox,5,801,1508,452,1058,144,216,205,234,605,1251
kevin lee,Orthodox,1,597,1351,481,1199,95,131,21,21,357,1038
kevin natividad,Orthodox,1,77,226,57,194,15,25,5,7,57,195
khabib nurmagomedov,Orthodox,0,510,968,457,905,37,47,16,16,199,541
khadis ibragimov,Orthodox,0,164,329,147,307,10,15,7,7,128,277
khalid murtazaliev,Orthodox,0,48,69,33,53,11,12,4,4,8,12
khalid taha,Orthodox,2,163,502,112,411,25,53,26,38,127,442
khalil rountree jr.,Southpaw,11,382,1005,222,790,75,111,85,104,331,929
khama worthy,Orthodox,1,93,192,37,117,22,30,34,45,86,181
khamzat chimaev,Orthodox,2,220,369,192,333,16,24,12,12,91,197
khaos williams,Orthodox,4,285,769,124,541,53,82,108,146,247,707
khusein askhabov,Orthodox,0,30,114,15,88,7,9,8,17,25,104
kiichi kunimoto,Orthodox,0,25,47,11,28,2,2,12,17,17,38
kj noons,Orthodox,0,33,63,26,50,7,13,0,0,20,48
kleydson rodrigues,Orthodox,1,95,165,47,107,35,43,13,15,79,145
klidson abreu,Orthodox,0,96,236,38,151,20,44,38,41,86,220
kris moutinho,Southpaw,0,81,248,47,192,8,25,26,31,80,247
kron gracie,Southpaw,0,88,210,74,183,4,8,10,19,76,192
krzysztof jotko,Southpaw,2,496,1235,347,1019,90,149,59,67,300,960
kurt holobaugh,Orthodox,1,162,392,118,328,30,44,14,20,131,349
kwan ho kwak,Switch,0,63,152,40,119,12,19,11,14,54,139
kyle bochniak,Orthodox,1,276,879,172,717,45,85,59,77,243,817
kyle daukaus,Southpaw,0,182,372,129,306,28,38,25,28,129,294
kyle nelson,Switch,0,175,393,103,297,49,68,23,28,133,333
kyle noke,Southpaw,0,119,262,47,155,30,49,42,58,101,230
kyle prepolec,Southpaw,0,96,275,50,201,31,49,15,25,93,271
kyle stewart,Orthodox,0,25,75,13,54,5,11,7,10,21,68
kyler phillips,Orthodox,1,334,684,240,564,55,76,39,44,231,543
kyoji horiguchi,Orthodox,2,127,237,91,189,22,34,14,14,76,167
kyung ho kang,Orthodox,3,307,604,241,515,19,36,47,53,265,545
lando vannata,Orthodox,5,684,1510,342,1017,174,275,168,218,597,1360
lara procopio,Orthodox,0,242,413,159,323,39,43,44,47,203,369
laureano staropoli,Orthodox,0,298,876,198,712,72,133,28,31,283,851
lauren mueller,Orthodox,0,176,462,102,354,46,77,28,31,160,436
lauren murphy,Orthodox,1,732,1915,559,1684,113,161,60,70,567,1709
leandro issa,Orthodox,0,19,61,6,38,6,13,7,10,16,58
leandro silva,Orthodox,0,76,182,44,134,17,30,15,18,66,165
leon edwards,Southpaw,3,636,1183,350,839,149,193,137,151,486,990
leonardo guimaraes,Orthodox,0,70,125,47,93,18,27,5,5,39,87
leonardo santos,Orthodox,2,208,413,126,302,53,79,29,32,146,334
lerone murphy,Orthodox,1,195,399,118,301,53,73,24,25,141,328
leslie smith,Orthodox,1,334,783,253,667,55,82,26,34,257,661
levan makashvili,Orthodox,0,65,114,32,77,29,30,4,7,26,67
li jingliang,Orthodox,8,609,1399,322,999,88,131,199,269,546,1293
liana jojua,Orthodox,0,85,282,68,254,15,24,2,4,77,268
liang na,Orthodox,0,23,44,17,38,6,6,0,0,14,34
liliya shakirova,Orthodox,0,23,75,7,45,7,17,9,13,23,75
lina lansberg,Orthodox,2,390,703,206,491,154,177,30,35,159,413
liudvik sholinian,Orthodox,0,75,244,55,222,18,20,2,2,62,231
livinha souza,Orthodox,0,114,253,51,166,28,43,35,44,79,193
liz carmouche,Orthodox,0,161,318,71,187,38,49,52,82,98,251
loik radzhabov,Orthodox,0,40,85,33,78,6,6,1,1,37,81
loma lookboonmee,Orthodox,0,396,675,149,343,178,251,69,81,194,424
loopy godinez,Orthodox,0,322,668,242,559,63,86,17,23,262,583
lorenz larkin,Orthodox,1,145,325,52,204,23,30,70,91,130,303
louis cosce,Orthodox,1,109,244,81,201,15,26,13,17,67,187
louis smolka,Orthodox,1,464,956,301,714,131,205,32,37,295,710
luan chagas,Orthodox,4,193,410,129,315,23,47,41,48,169,371
luan lacerda,Orthodox,0,80,181,31,113,44,61,5,7,80,181
luana carolina,Orthodox,1,355,719,186,506,129,165,40,48,256,580
luana pinheiro,Orthodox,1,133,334,78,249,33,51,22,34,111,295
lucas alexander,Orthodox,1,86,160,43,109,20,27,23,24,79,144
lucas almeida,Orthodox,2,75,152,32,95,16,22,27,35,54,121
lucas martins,Southpaw,0,30,87,20,69,4,10,6,8,29,84
lucie pudilova,Orthodox,2,478,1279,364,1107,66,100,48,72,334,1080
ludovit klein,Southpaw,2,253,463,141,321,82,109,30,33,194,388
luigi vendramini,Orthodox,1,76,186,45,145,18,24,13,17,62,163
luis henrique,Orthodox,0,127,293,89,249,27,32,11,12,53,178
luis pena,Southpaw,1,376,802,313,710,47,74,16,18,246,600
luis saldana,Orthodox,2,288,592,140,395,62,87,86,110,268,564
lukasz brzeski,Orthodox,0,144,319,68,221,56,74,20,24,138,308
lukasz sajewski,Orthodox,0,35,84,16,60,17,21,2,3,25,67
luke jumeau,Orthodox,0,176,403,108,314,28,47,40,42,132,341
luke rockhold,Southpaw,0,185,347,95,232,57,74,33,41,138,284
luke sanders,Southpaw,4,416,791,335,685,51,67,30,39,284,632
lyman good,Orthodox,2,238,495,173,418,45,54,20,23,179,430
lyoto machida,Southpaw,1,76,144,22,71,31,44,23,29,63,126
mackenzie dern,Orthodox,1,373,1031,272,904,57,79,44,48,282,916
macy chiasson,Orthodox,2,352,785,201,585,124,162,27,38,167,495
mads burnell,Orthodox,0,50,120,37,101,8,12,5,7,29,90
magnus cedenblad,Orthodox,1,57,127,41,104,11,17,5,6,41,100
magomed ankalaev,Orthodox,6,485,928,312,699,125,174,48,55,316,699
magomed mustafaev,Orthodox,1,58,92,28,52,17,26,13,14,27,55
maheshate,Orthodox,2,32,151,22,118,9,31,1,2,30,148
maia stevenson,Orthodox,0,6,11,1,6,3,3,2,2,4,9
mairbek taisumov,Orthodox,2,105,305,70,241,11,35,24,29,104,303
makhmud muradov,Orthodox,1,278,660,180,524,78,113,20,23,255,619
maki pitolo,Orthodox,0,217,512,151,419,52,77,14,16,193,477
makwan amirkhani,Southpaw,0,165,380,142,342,16,30,7,8,108,296
malcolm gordon,Switch,0,72,170,60,154,5,5,7,11,36,128
mallory martin,Orthodox,0,116,285,93,256,22,27,1,2,95,260
mana martinez,Orthodox,4,265,544,144,390,79,107,42,47,244,510
mandy bohm,Orthodox,0,88,201,44,150,26,31,18,20,66,176
manel kape,Southpaw,4,240,461,159,360,44,60,37,41,220,432
manny bermudez,Orthodox,1,86,140,72,122,14,18,0,0,33,75
manon fiorot,Orthodox,1,409,956,244,760,99,127,66,69,354,871
manvel gamburyan,Orthodox,0,13,26,7,19,3,3,3,4,10,23
mara romero borella,Orthodox,0,167,440,100,355,14,21,53,64,137,402
marc diakiese,Orthodox,2,430,1068,193,734,126,180,111,154,358,963
marc-andre barriault,Orthodox,2,641,1362,481,1157,98,130,62,75,394,1007
marcel fortuna,Orthodox,1,127,273,88,221,26,35,13,17,116,258
marcelo golm,Orthodox,0,142,243,93,188,24,29,25,26,72,156
marcelo guimaraes,Orthodox,0,23,44,6,22,4,8,13,14,19,37
marcelo rojo,Orthodox,0,160,404,77,304,31,44,52,56,140,373
marcin held,Orthodox,0,103,315,97,299,4,12,2,4,71,258
marcin prachnio,Orthodox,1,346,635,83,298,103,145,160,192,305,578
marcin tybura,Orthodox,1,764,1571,502,1232,149,211,113,128,529,1235
marco beltran,Orthodox,1,73,205,41,158,13,20,19,27,51,169
marco polo reyes,Orthodox,4,254,677,157,538,65,97,32,42,209,608
marcos mariano,Switch,0,5,18,2,13,2,3,1,2,3,15
marcos rogerio de lima,Orthodox,4,252,465,164,347,45,62,43,56,158,335
maria oliveira,Orthodox,0,245,629,155,499,50,77,40,53,235,617
marina rodriguez,Orthodox,2,733,1576,377,1092,194,269,162,215,522,1314
mario bautista,Switch,1,302,600,193,455,67,93,42,52,213,492
marion reneau,Orthodox,0,429,999,292,828,86,111,51,60,254,733
mariya agapova,Southpaw,2,199,347,129,256,56,73,14,18,133,267
mark de la rosa,Orthodox,0,261,736,159,587,52,77,50,72,220,668
mark eddiva,Orthodox,0,4,8,1,4,2,3,1,1,4,8
mark godbeer,Orthodox,0,124,230,65,154,42,54,17,22,88,184
mark hunt,Orthodox,2,140,346,85,263,30,53,25,30,119,323
mark madsen,Orthodox,0,189,396,144,346,21,25,24,25,128,317
mark striegl,Southpaw,0,11,24,5,16,1,3,5,5,10,21
markus perez,Orthodox,0,192,406,94,279,80,105,18,22,126,313
marlon moraes,Orthodox,5,290,714,189,566,46,70,55,78,267,684
marlon vera,Switch,12,1050,2100,543,1398,244,383,263,319,800,1760
martin bravo,Southpaw,1,221,559,161,459,45,72,15,28,204,525
martin buday,Orthodox,1,122,271,80,225,28,32,14,14,88,231
martin day,Orthodox,2,179,384,109,280,56,85,14,19,157,354
martin sano,Orthodox,0,1,3,1,3,0,0,0,0,1,3
marvin vettori,Southpaw,1,1003,2231,779,1969,117,144,107,118,834,1989
maryna moroz,Orthodox,0,477,1527,283,1235,140,225,54,67,387,1390
masanori kanehara,Orthodox,0,15,17,4,6,11,11,0,0,3,5
masio fullen,Orthodox,0,36,108,17,82,9,15,10,11,34,104
mason jones,Orthodox,0,293,660,196,535,74,101,23,24,205,527
mateus mendonca,Orthodox,0,29,88,21,72,3,6,5,10,25,83
mateusz gamrot,Southpaw,1,260,509,183,415,39,54,38,40,213,447
mateusz rebecki,Southpaw,0,89,171,53,125,27,37,9,9,63,138
matheus nicolau,Orthodox,6,324,612,162,394,120,166,42,52,287,561
matt bessette,Orthodox,0,100,287,69,234,27,46,4,7,86,268
matt brown,Orthodox,3,304,525,183,374,102,126,19,25,196,394
matt dwyer,Orthodox,0,46,97,16,62,7,11,23,24,34,79
matt frevola,Orthodox,5,241,578,167,455,39,83,35,40,164,463
matt mitrione,Switch,1,27,61,14,48,3,3,10,10,25,56
matt sayles,Orthodox,0,167,420,88,315,46,61,33,44,128,361
matt schnell,Orthodox,1,405,1022,281,848,58,91,66,83,343,931
matt wiman,Orthodox,0,34,66,9,38,4,5,21,23,27,53
matthew lopez,Southpaw,0,212,416,141,322,48,69,23,25,150,334
matthew semelsberger,Switch,7,347,811,223,636,60,98,64,77,280,701
maurice greene,Orthodox,2,222,492,109,332,38,62,75,98,194,449
mauricio rua,Orthodox,5,336,669,191,488,52,72,93,109,288,587
max griffin,Orthodox,8,751,1494,483,1138,155,230,113,126,622,1294
max holloway,Orthodox,2,2260,4563,1517,3599,519,670,224,294,2039,4284
max rohskopf,Orthodox,0,17,54,9,44,1,1,7,9,17,54
maxim grishin,Orthodox,2,187,353,76,223,39,52,72,78,157,297
maximo blanco,Orthodox,0,16,40,2,25,7,8,7,7,16,38
maycee barber,Switch,0,410,856,286,696,86,115,38,45,192,577
mayra bueno silva,Orthodox,0,331,601,159,371,100,125,72,105,244,487
megan anderson,Orthodox,1,51,110,35,87,15,22,1,1,31,81
mehdi baghdad,Orthodox,1,61,198,33,156,8,19,20,23,54,186
melissa gatto,Orthodox,1,117,228,78,171,17,28,22,29,103,208
melissa martinez,Southpaw,0,45,78,10,38,17,21,18,19,37,67
melquizael costa,Southpaw,0,23,50,2,19,10,18,11,13,21,45
melsik baghdasaryan,Southpaw,1,145,243,60,134,45,57,40,52,124,220
merab dvalishvili,Orthodox,1,755,1823,486,1468,127,191,142,164,449,1366
michael bisping,Orthodox,3,282,831,187,701,27,47,68,83,263,799
michael chandler,Orthodox,2,220,477,145,377,54,76,21,24,162,392
michael chiesa,Southpaw,0,150,348,116,300,27,40,7,8,66,222
michael graves,Orthodox,0,20,42,14,34,4,5,2,3,5,18
michael johnson,Southpaw,3,699,1653,388,1190,228,361,83,102,644,1574
michael mcbride,Orthodox,0,99,203,60,149,20,32,19,22,87,176
michael mcdonald,Orthodox,0,19,43,17,39,1,2,1,2,17,40
michael morales,Orthodox,3,109,193,97,179,7,9,5,5,76,151
michael trizano,Orthodox,3,302,564,159,384,74,108,69,72,248,496
michal figlak,Orthodox,0,28,96,13,74,9,16,6,6,25,88
michal oleksiejczuk,Southpaw,7,332,662,231,543,93,110,8,9,276,578
micheal gillmore,Orthodox,0,31,54,14,35,4,4,13,15,28,51
michel batista,Orthodox,0,0,0,0,0,0,0,0,0,0,0
michel pereira,Orthodox,2,532,981,253,624,225,299,54,58,450,881
michel prazeres,Orthodox,1,270,548,178,410,48,80,44,58,184,433
michel quinones,Orthodox,0,71,239,19,158,13,33,39,48,70,237
michelle waterson-gomez,Orthodox,0,699,1559,315,989,201,304,183,266,508,1326
michinori tanaka,Orthodox,0,105,297,66,252,13,14,26,31,78,257
mickey gall,Switch,2,255,554,193,472,42,59,20,23,177,437
miesha tate,Orthodox,0,336,744,196,519,113,184,27,41,249,621
miguel baeza,Orthodox,3,271,570,117,381,57,84,97,105,249,541
mike breeden,Orthodox,0,110,225,68,171,39,51,3,3,94,199
mike davis,Orthodox,2,325,606,208,444,85,121,32,41,233,479
mike de la torre,Orthodox,0,6,21,6,21,0,0,0,0,6,21
mike grundy,Orthodox,1,85,188,62,153,23,34,0,1,66,166
mike jackson,Orthodox,0,95,166,78,143,13,17,4,6,62,123
mike malott,Orthodox,1,37,61,24,45,9,12,4,4,30,54
mike perry,Orthodox,8,722,1522,457,1173,113,179,152,170,562,1304
mike pyle,Orthodox,0,86,233,60,199,10,16,16,18,68,205
mike rodriguez,Southpaw,5,324,595,144,366,112,141,68,88,196,442
mike santiago,Orthodox,0,75,147,40,97,18,28,17,22,23,76
mike wilkinson,Orthodox,0,13,23,13,23,0,0,0,0,1,6
milana dudieva,Orthodox,0,17,47,8,34,3,7,6,6,12,35
miles johns,Orthodox,2,244,520,188,454,26,35,30,31,228,498
miranda granger,Orthodox,0,111,236,56,156,19,24,36,56,77,189
miranda maverick,Southpaw,0,270,611,163,470,63,90,44,51,213,541
mirsad bektic,Orthodox,1,147,376,109,324,25,35,13,17,73,278
misha cirkunov,Orthodox,0,213,428,133,323,53,76,27,29,129,315
mitch clarke,Orthodox,0,29,87,11,43,8,19,10,25,19,73
mitch gagnon,Southpaw,2,46,104,33,82,8,14,5,8,18,63
mizuto hirota,Orthodox,0,199,531,146,460,16,30,37,41,153,451
modestas bukauskas,Switch,0,150,391,100,329,35,46,15,16,129,361
mohammed usman,Orthodox,1,12,40,11,39,1,1,0,0,9,35
molly mccann,Orthodox,2,666,1330,469,1084,115,150,82,96,554,1164
montana de la rosa,Orthodox,1,287,756,208,643,53,83,26,30,179,607
montel jackson,Southpaw,9,305,539,221,444,61,69,23,26,163,345
montserrat conejo,Southpaw,0,18,48,12,41,1,2,5,5,18,48
mounir lazzez,Orthodox,0,250,452,150,331,53,72,47,49,225,419
movsar evloev,Orthodox,0,392,850,315,754,45,55,32,41,294,730
muhammad mokaev,Orthodox,1,51,94,23,57,20,27,8,10,33,73
muslim salikhov,Orthodox,3,289,587,164,429,79,110,46,48,232,498
myles jury,Orthodox,1,156,290,110,223,25,37,21,30,105,218
nad narimani,Orthodox,0,182,426,133,357,27,42,22,27,119,345
nadia kassem,Southpaw,0,102,243,35,135,49,84,18,24,79,206
naoki inoue,Orthodox,0,110,312,82,267,4,7,24,38,77,265
nasrat haqparast,Southpaw,5,642,1445,475,1216,134,184,33,45,563,1316
nassourdine imavov,Orthodox,0,380,740,262,594,88,109,30,37,262,586
natalia silva,Southpaw,1,141,257,81,187,25,33,35,37,126,234
natan levy,Southpaw,0,206,403,111,288,63,81,32,34,191,379
nate diaz,Southpaw,1,577,1179,412,940,124,179,41,60,399,926
nate landwehr,Orthodox,0,357,725,254,571,47,84,56,70,263,586
nate maness,Orthodox,2,91,213,65,183,23,27,3,3,61,177
nate marquardt,Orthodox,2,152,295,68,193,40,52,44,50,122,256
nathan coy,Southpaw,0,60,153,36,122,19,25,5,6,33,120
nathaniel wood,Orthodox,1,631,1305,342,908,70,126,219,271,550,1194
nazim sadykhov,Southpaw,0,64,132,38,103,19,20,7,9,54,118
neil magny,Orthodox,1,722,1557,495,1257,157,207,70,93,440,1228
neil seery,Orthodox,0,122,284,108,261,9,17,5,6,102,251
nicco montano,Southpaw,0,224,535,151,447,23,33,50,55,187,479
nicholas musoke,Orthodox,0,49,173,41,164,5,5,3,4,43,166
nick aguirre,Southpaw,0,14,44,14,42,0,1,0,1,13,42
nick diaz,Southpaw,0,150,339,114,294,36,45,0,0,144,331
nick fiore,Orthodox,0,34,93,25,76,7,13,2,4,28,83
nick hein,Southpaw,0,101,359,65,295,24,49,12,15,98,354
nick maximov,Southpaw,0,81,198,62,173,13,17,6,8,61,169
nick roehrick,Orthodox,0,28,160,22,141,6,19,0,0,25,152
nicolae negumereanu,Orthodox,0,210,510,158,434,20,39,32,37,155,432
nicolas dalby,Orthodox,0,390,941,233,708,92,148,65,85,279,778
nik lentz,Orthodox,1,405,882,246,684,100,128,59,70,273,720
nikita krylov,Orthodox,3,413,776,253,552,107,158,53,66,244,567
niklas stolze,Switch,0,48,99,20,57,10,14,18,28,40,88
niko price,Orthodox,5,700,1639,416,1252,110,185,174,202,552,1413
nikolas motta,Orthodox,1,45,102,39,94,3,5,3,3,36,92
nina nunes,Orthodox,0,519,1157,300,853,79,136,140,168,451,1056
noad lahat,Orthodox,0,7,13,4,9,2,3,1,1,3,7
nohelin hernandez,Orthodox,0,28,82,18,68,4,5,6,9,11,49
nordine taleb,Orthodox,2,286,598,113,361,65,111,108,126,260,564
norma dumont,Orthodox,2,322,646,226,520,57,74,39,52,243,544
norman parke,Southpaw,0,17,72,6,53,4,8,7,11,15,68
nurullo aliev,Orthodox,0,19,45,19,42,0,1,0,2,1,10
ode osbourne,Southpaw,2,181,462,115,370,38,54,28,38,160,437
oliver enkamp,Switch,0,41,113,16,72,15,25,10,16,27,94
olivier aubin-mercier,Southpaw,1,235,447,174,364,45,63,16,20,170,367
oluwale bamgbose,Switch,2,71,150,36,101,20,31,15,18,43,111
omar morales,Orthodox,1,290,766,188,637,56,79,46,50,255,710
omari akhmedov,Orthodox,0,401,1179,302,1024,59,104,40,51,295,1020
orion cosce,Switch,0,47,104,31,83,13,17,3,4,24,71
oskar piechota,Southpaw,3,163,312,120,255,26,37,17,20,102,239
ottman azaitar,Switch,1,53,97,40,79,10,15,3,3,31,66
ovince saint preux,Southpaw,3,494,1112,276,800,153,224,65,88,406,985
paddy pimblett,Orthodox,1,130,281,77,222,22,28,31,31,106,245
paige vanzant,Orthodox,1,104,225,58,143,25,49,21,33,67,173
pannie kianzad,Orthodox,0,597,1209,424,985,118,167,55,57,482,1059
parker porter,Orthodox,0,342,680,243,570,38,44,61,66,301,624
pat sabatini,Orthodox,1,80,144,58,120,16,17,6,7,38,83
patrick cote,Orthodox,1,132,287,75,201,30,47,27,39,96,238
patrick cummins,Orthodox,0,227,476,183,414,26,39,18,23,145,365
patrick williams,Orthodox,0,98,182,35,109,26,34,37,39,74,142
paul craig,Orthodox,1,283,614,145,426,86,126,52,62,179,470
paul felder,Orthodox,2,572,1231,338,916,116,166,118,149,431,1022
paulo costa,Orthodox,4,555,920,294,616,230,268,31,36,471,807
pearl gonzalez,Orthodox,0,64,170,32,128,7,10,25,32,54,159
pedro munhoz,Orthodox,7,973,2198,505,1489,153,292,315,417,884,2047
pete rodriguez,Switch,1,47,102,24,70,14,22,9,10,38,90
peter barrett,Southpaw,0,71,144,30,95,18,24,23,25,63,134
peter sobotta,Southpaw,4,129,283,89,235,16,23,24,25,101,232
petr yan,Switch,10,1016,1900,690,1523,209,253,117,124,720,1530
phil hawes,Orthodox,2,281,457,190,347,67,82,24,28,207,357
phil rowe,Orthodox,2,159,335,114,282,28,35,17,18,135,305
philipe lins,Orthodox,1,129,270,82,202,31,49,16,19,109,246
phillipe nover,Orthodox,0,89,243,66,206,17,30,6,7,67,213
piera rodriguez,Orthodox,0,145,281,68,192,61,70,16,19,93,225
pingyuan liu,Orthodox,1,139,413,90,343,28,46,21,24,97,353
poliana botelho,Orthodox,1,204,348,104,217,63,89,37,42,112,240
polyana viana,Orthodox,1,196,470,98,343,60,85,38,42,155,419
preston parsons,Orthodox,0,140,250,98,204,19,22,23,24,90,185
priscila cachoeira,Orthodox,2,332,759,244,634,68,98,20,27,272,677
punahele soriano,Southpaw,5,223,464,162,388,57,70,4,6,156,374
rachael ostovich,Orthodox,0,94,218,56,163,33,47,5,8,81,203
rafa garcia,Orthodox,0,418,976,324,849,59,85,35,42,352,880
rafael alves,Orthodox,1,79,159,49,124,17,19,13,16,71,147
rafael cavalcante,Orthodox,0,10,22,7,16,0,0,3,6,8,17
rafael dos anjos,Southpaw,1,1036,1991,605,1463,287,364,144,164,721,1605
rafael fiziev,Switch,2,497,965,228,581,179,264,90,120,443,893
rafael natal,Orthodox,1,135,265,89,198,12,27,34,40,95,208
ramazan emeev,Southpaw,1,272,602,200,505,54,74,18,23,177,475
ramiz brahimaj,Orthodox,0,78,188,62,166,13,19,3,3,71,179
ramona pascual,Southpaw,0,128,223,51,138,45,51,32,34,97,185
randa markos,Orthodox,0,567,1290,433,1115,70,90,64,85,326,987
randy brown,Orthodox,4,679,1430,441,1118,135,182,103,130,491,1182
randy costa,Switch,3,174,376,143,337,27,35,4,4,155,351
rani yahya,Orthodox,0,239,632,124,489,53,69,62,74,197,576
raoni barcelos,Orthodox,5,627,1190,476,1004,75,99,76,87,460,978
raphael assuncao,Orthodox,1,404,968,198,673,72,115,134,180,344,886
raphael pessoa,Orthodox,1,58,215,33,176,7,13,18,26,50,197
raquel pennington,Orthodox,0,719,1391,381,993,261,313,77,85,451,1075
rashad coulter,Orthodox,1,174,316,140,281,26,27,8,8,120,245
rashad evans,Orthodox,0,78,203,59,178,15,21,4,4,65,183
rashid magomedov,Orthodox,0,116,267,67,195,42,61,7,11,97,237
raul rosas jr.,Switch,0,5,26,4,20,0,1,1,5,5,26
raulian paiva,Orthodox,1,301,752,176,571,80,125,45,56,274,709
ray borg,Orthodox,0,204,393,145,311,53,72,6,10,81,239
ray rodriguez,Orthodox,0,4,23,2,19,1,3,1,1,4,23
reginaldo vieira,Orthodox,0,84,246,37,181,20,32,27,33,69,226
renan barao,Orthodox,0,384,938,207,649,107,185,70,104,309,846
renato moicano,Orthodox,1,553,1151,389,937,55,84,109,130,498,1071
reza madadi,Orthodox,0,81,193,56,162,23,26,2,5,53,151
rhys mckee,Orthodox,0,124,230,81,179,36,42,7,9,117,220
ricardo lamas,Orthodox,0,354,624,195,430,70,84,89,110,239,489
ricardo ramos,Orthodox,3,328,859,209,661,63,108,56,90,278,791
richard walsh,Orthodox,1,64,218,44,177,9,24,11,17,45,185
richie smullen,Orthodox,0,7,9,3,5,1,1,3,3,3,5
rick story,Southpaw,0,75,162,25,96,31,43,19,23,39,111
ricky glenn,Southpaw,3,426,973,274,736,105,172,47,65,233,694
ricky rainey,Switch,0,25,56,12,37,6,8,7,11,21,46
ricky simon,Orthodox,4,348,797,228,645,60,84,60,68,248,667
ricky turcios,Orthodox,1,195,521,162,466,20,40,13,15,122,429
rin nakai,Orthodox,0,31,92,26,81,4,9,1,2,22,80
rinat fakhretdinov,Orthodox,1,88,129,65,103,12,14,11,12,18,31
rinya nakamura,Southpaw,2,11,25,11,25,0,0,0,0,10,24
roan carneiro,Orthodox,0,52,133,36,113,9,13,7,7,38,117
rob font,Orthodox,6,1139,2470,848,2102,206,269,85,99,1005,2297
rob wilkinson,Orthodox,0,46,92,17,52,9,16,20,24,29,69
robbie lawler,Southpaw,1,600,1154,435,959,137,166,28,29,420,924
robert sanchez,Orthodox,0,20,49,13,37,6,10,1,2,6,27
robert whiteford,Southpaw,0,45,99,20,64,14,20,11,15,41,92
robert whittaker,Orthodox,4,832,1901,544,1504,107,178,181,219,736,1743
rodolfo vieira,Orthodox,0,167,308,136,274,9,12,22,22,144,268
rodrigo nascimento,Orthodox,0,118,225,87,192,16,18,15,15,102,204
rogerio bontorin,Orthodox,0,163,311,114,254,23,28,26,29,132,272
rogerio nogueira,Southpaw,2,111,246,98,226,12,19,1,1,93,223
rolando dy,Orthodox,1,151,401,91,307,43,70,17,24,117,354
roman bogatov,Orthodox,0,50,117,24,82,20,29,6,6,37,96
roman dolidze,Orthodox,4,238,540,157,431,38,64,43,45,186,451
roman kopylov,Southpaw,2,220,438,142,349,48,59,30,30,203,414
ronda rousey,Orthodox,0,7,14,6,12,1,1,0,1,7,14
rong zhu,Orthodox,1,176,368,145,333,19,23,12,12,129,300
ronnie lawrence,Switch,3,138,236,91,169,24,40,23,27,64,127
rony jason,Orthodox,1,27,77,20,62,6,13,1,2,18,65
roosevelt roberts,Orthodox,0,226,541,172,470,28,40,26,31,180,486
roque martinez,Orthodox,0,129,240,81,184,31,34,17,22,99,203
rory macdonald,Orthodox,0,61,152,50,137,10,14,1,1,47,135
rose namajunas,Orthodox,4,548,1382,429,1210,74,116,45,56,438,1235
ross pearson,Orthodox,0,411,1097,162,730,139,236,110,131,377,1050
rostem akman,Switch,0,54,210,38,185,12,21,4,4,42,195
roxanne modafferi,Orthodox,1,580,1861,501,1739,50,86,29,36,497,1736
roy nelson,Orthodox,1,114,273,82,238,15,17,17,18,89,241
russell doane,Orthodox,1,43,110,27,81,9,19,7,10,35,96
rustam khabilov,Orthodox,0,255,695,190,587,31,59,34,49,168,568
ryan bader,Orthodox,1,99,150,86,134,9,12,4,4,22,59
ryan benoit,Orthodox,4,259,623,192,520,46,76,21,27,214,556
ryan hall,Southpaw,2,138,281,53,136,55,105,30,40,99,233
ryan janes,Orthodox,0,327,678,237,566,68,88,22,24,277,612
ryan laflare,Southpaw,1,93,221,28,133,54,75,11,13,67,181
ryan macdonald,Switch,0,45,155,24,121,7,17,14,17,45,153
ryan spann,Orthodox,5,175,393,145,358,29,33,1,2,117,316
sabah homasi,Orthodox,0,80,165,51,131,21,25,8,9,48,126
sabina mazo,Orthodox,1,562,1285,274,900,144,190,144,195,460,1148
sage northcutt,Orthodox,2,238,470,148,354,49,67,41,49,157,374
said nurmagomedov,Orthodox,1,258,539,140,389,59,84,59,66,189,450
saidyokub kakhramonov,Orthodox,0,79,154,57,128,14,17,8,9,30,76
saimon oliveira,Orthodox,0,58,141,28,100,12,20,18,21,47,125
salim touahri,Orthodox,0,117,249,49,155,58,82,10,12,77,196
sam alvey,Southpaw,5,654,1496,420,1203,104,137,130,156,525,1323
sam hughes,Orthodox,0,356,762,264,606,50,85,42,71,239,607
sam patterson,Orthodox,0,2,7,1,4,0,0,1,3,2,7
sam sicilia,Orthodox,0,29,157,21,141,4,11,4,5,27,149
santiago ponzinibbio,Orthodox,7,751,1755,528,1467,92,147,131,141,713,1697
saparbeg safarov,Orthodox,0,120,249,98,221,10,14,12,14,60,174
sara mcmann,Orthodox,0,164,353,102,272,47,62,15,19,41,189
sarah alpar,Southpaw,0,53,143,25,102,11,19,17,22,52,140
sarah frota,Southpaw,0,41,110,31,91,8,13,2,6,26,88
sarah moras,Orthodox,0,224,659,149,560,34,53,41,46,140,528
sasha palatnikov,Switch,0,139,262,107,219,28,38,4,5,90,197
scott askham,Southpaw,1,130,310,68,217,43,68,19,25,110,278
scott holtzman,Orthodox,4,652,1373,485,1123,100,159,67,91,409,1035
sean brady,Orthodox,1,313,589,202,461,19,27,92,101,272,538
sean o'connell,Orthodox,1,94,192,69,163,19,21,6,8,68,151
sean o'malley,Switch,5,709,1165,500,906,141,188,68,71,673,1123
sean soriano,Orthodox,0,68,109,32,69,17,20,19,20,60,99
sean spencer,Orthodox,1,67,297,46,256,14,27,7,14,64,293
sean strickland,Orthodox,3,1313,3112,1084,2812,166,227,63,73,1225,2977
sean woodson,Orthodox,2,380,841,285,716,55,77,40,48,357,810
sedriques dumas,Orthodox,0,20,44,8,26,2,5,10,13,19,43
seo hee ham,Southpaw,0,123,350,85,295,33,47,5,8,112,334
sergei pavlovich,Southpaw,6,109,210,105,200,3,9,1,1,65,137
sergey khandozhko,Orthodox,3,134,325,77,242,24,45,33,38,125,310
sergey morozov,Orthodox,1,187,430,134,359,27,40,26,31,147,374
serghei spivac,Orthodox,0,304,593,294,583,8,8,2,2,147,390
sergio moraes,Orthodox,0,284,704,217,607,54,83,13,14,266,676
sergio pettis,Orthodox,0,481,1307,393,1179,37,69,51,59,450,1257
seungguk choi,Orthodox,1,20,69,12,54,3,5,5,10,20,67
seungwoo choi,Orthodox,4,303,813,197,659,75,111,31,43,194,649
shamil abdurakhimov,Orthodox,2,242,542,144,400,47,73,51,69,160,422
shamil gamzatov,Orthodox,0,99,205,26,104,36,50,37,51,98,203
shana dobson,Orthodox,1,180,475,103,363,54,82,23,30,129,406
shane burgos,Orthodox,6,1040,1984,664,1518,199,271,177,195,854,1754
shane campbell,Orthodox,0,107,168,36,85,34,43,37,40,83,137
shane young,Orthodox,1,372,912,213,703,98,135,61,74,346,873
shanna young,Orthodox,0,140,305,94,240,35,53,11,12,108,264
shannon ross,Switch,0,1,4,0,1,0,0,1,3,1,4
shavkat rakhmonov,Orthodox,1,179,303,117,229,54,65,8,9,108,200
shayilan nuerdanbieke,Orthodox,3,118,262,99,233,9,14,10,15,71,187
sheldon westcott,Southpaw,0,33,79,33,77,0,2,0,0,0,6
sheymon moraes,Orthodox,2,188,445,83,294,85,127,20,24,150,384
shinsho anzai,Orthodox,0,52,100,36,72,14,21,2,7,22,60
sijara eubanks,Orthodox,1,578,1337,437,1138,100,154,41,45,419,1097
silvana gomez juarez,Orthodox,2,98,306,66,265,24,30,8,11,87,287
siyar bahadurzada,Orthodox,4,212,500,163,430,37,53,12,17,101,343
sodiq yusuff,Orthodox,2,323,670,172,483,75,99,76,88,238,547
song kenan,Orthodox,4,251,534,145,379,41,74,65,81,209,476
song yadong,Orthodox,5,546,1305,359,1054,114,164,73,87,470,1193
spike carlyle,Switch,0,80,148,67,127,5,11,8,10,33,67
stefan sekulic,Southpaw,0,55,110,20,65,8,16,27,29,50,102
stefan struve,Orthodox,1,194,452,92,301,50,93,52,58,168,418
stephanie egger,Orthodox,0,67,119,46,94,6,8,15,17,29,76
stephen thompson,Orthodox,3,887,1994,595,1594,207,295,85,105,833,1913
steve bosse,Orthodox,1,98,184,79,158,13,17,6,9,61,129
steve garcia,Southpaw,4,108,191,85,162,14,20,9,9,62,128
steven koslow,Switch,0,11,29,8,25,1,2,2,2,8,21
steven peterson,Orthodox,1,520,1285,347,1043,97,146,76,96,426,1157
stevie ray,Southpaw,0,351,766,211,588,41,58,99,120,262,634
stipe miocic,Orthodox,5,435,737,291,577,79,92,65,68,323,581
sultan aliev,Orthodox,0,52,117,46,106,4,8,2,3,31,86
suman mokhtarian,Orthodox,0,38,88,15,52,11,22,12,14,32,81
sumudaerji,Southpaw,2,228,415,155,319,29,45,44,51,162,320
sung bin jo,Orthodox,0,21,63,13,53,7,9,1,1,12,52
syuri kondo,Orthodox,0,246,548,177,459,44,61,25,28,214,502
tabatha ricci,Orthodox,0,148,352,78,256,22,38,48,58,81,276
tae hyun bang,Switch,0,40,117,34,105,5,11,1,1,36,112
tafon nchukwi,Orthodox,1,340,624,185,419,116,157,39,48,224,483
tagir ulanbekov,Southpaw,0,158,357,128,317,19,26,11,14,120,309
tai tuivasa,Southpaw,8,356,713,225,541,62,77,69,95,247,561
taila santos,Orthodox,3,260,537,139,368,56,93,65,76,169,418
takanori gomi,Southpaw,0,3,13,1,10,1,2,1,1,3,13
takashi sato,Southpaw,2,101,268,80,234,14,25,7,9,71,225
takeya mizugaki,Orthodox,0,17,49,11,41,0,1,6,7,17,49
talita bernardo,Orthodox,0,174,413,106,334,24,30,44,49,148,379
tamdan mccrory,Switch,0,18,58,6,43,5,7,7,8,18,57
tamires vidal,Orthodox,1,17,29,6,17,7,8,4,4,13,25
tanner boser,Orthodox,2,396,764,170,500,79,102,147,162,364,718
tarec saffiedine,Switch,0,198,446,118,355,47,58,33,33,146,370
tatiana suarez,Southpaw,0,256,387,154,265,60,74,42,48,64,156
tatsuro taira,Orthodox,1,80,124,60,103,10,11,10,10,30,56
tatsuya kawajiri,Orthodox,0,35,127,19,100,5,13,11,14,28,108
taylor lapilus,Southpaw,0,63,146,49,130,12,14,2,2,38,115
te edwards,Orthodox,1,28,71,20,60,4,6,4,5,20,54
tecia torres,Orthodox,0,771,1589,406,1135,182,234,183,220,644,1413
teemu packalen,Orthodox,1,15,31,9,23,6,7,0,1,6,19
tereza bleda,Orthodox,0,18,47,8,33,7,10,3,4,13,40
terrance mckinney,Switch,2,75,156,64,141,11,15,0,0,43,112
terrion ware,Orthodox,0,241,741,165,630,47,69,29,42,210,681
teruto ishihara,Southpaw,6,207,492,105,351,38,69,64,72,153,406
thales leites,Orthodox,0,206,471,122,367,26,39,58,65,155,399
themba gorimbo,Orthodox,0,6,10,2,6,3,3,1,1,5,9
thiago alves,Orthodox,2,358,858,164,601,57,85,137,172,307,784
thiago moises,Orthodox,0,255,655,172,537,37,60,46,58,195,581
thiago santos,Orthodox,11,762,1575,402,1052,177,264,183,259,446,1091
thiago tavares,Orthodox,0,2,5,0,2,1,2,1,1,0,3
thibault gouti,Orthodox,1,180,522,140,455,22,40,18,27,145,466
thomas almeida,Southpaw,1,236,603,128,444,40,73,68,86,221,582
thomas gifford,Orthodox,0,118,312,61,242,23,30,34,40,104,292
tiago dos santos e silva,Orthodox,0,56,200,33,160,15,27,8,13,49,181
tim boetsch,Orthodox,1,174,340,98,240,44,64,32,36,115,260
tim elliott,Southpaw,1,425,968,204,621,98,182,123,165,284,775
tim kennedy,Orthodox,0,45,108,15,61,16,31,14,16,28,87
tim means,Orthodox,3,829,1644,509,1233,227,308,93,103,690,1464
tim williams,Orthodox,0,51,131,33,101,5,13,13,17,46,119
timothy johnson,Southpaw,1,236,511,148,395,42,59,46,57,98,332
timur valiev,Orthodox,1,270,509,126,323,73,104,71,82,220,446
tj brown,Switch,0,327,724,235,598,68,93,24,33,255,638
tj dillashaw,Orthodox,4,428,1172,261,931,60,101,107,140,325,1029
tj laramie,Orthodox,0,15,35,9,26,2,4,4,5,12,27
todd duffee,Orthodox,1,30,66,25,60,5,6,0,0,19,51
tom aspinall,Orthodox,2,111,169,72,129,17,18,22,22,63,103
tom breese,Southpaw,2,139,292,95,227,35,54,9,11,109,250
tom duquesnoy,Orthodox,2,136,300,66,213,30,46,40,41,115,270
tom gallicchio,Southpaw,0,53,200,24,158,17,30,12,12,51,196
tom lawlor,Southpaw,0,31,99,28,94,2,4,1,1,21,87
tony ferguson,Orthodox,0,807,1611,463,1174,166,236,178,201,765,1551
tony gravely,Orthodox,4,309,669,196,516,49,75,64,78,182,472
tony kelley,Switch,0,239,506,112,317,89,141,38,48,144,381
tony sims,Southpaw,0,5,12,5,12,0,0,0,0,5,12
tonya evinger,Orthodox,0,47,112,17,68,19,28,11,16,35,96
toshiomi kazama,Orthodox,0,4,10,4,10,0,0,0,0,4,10
tracy cortez,Orthodox,0,201,360,129,266,44,57,28,37,108,237
travis browne,Orthodox,1,150,402,80,288,51,89,19,25,110,343
tresean gore,Switch,0,75,140,40,96,16,20,19,24,59,119
trevin giles,Orthodox,3,384,710,314,622,41,58,29,30,267,554
trevin jones,Southpaw,2,154,415,85,324,36,55,33,36,120,372
trevor peek,Switch,2,51,86,38,70,8,11,5,5,36,67
trevor smith,Orthodox,2,276,550,156,404,75,90,45,56,139,362
trey ogden,Orthodox,0,154,367,56,236,40,57,58,74,151,364
tristan connelly,Orthodox,0,149,292,109,243,22,31,18,18,79,200
tucker lutz,Orthodox,0,144,290,81,213,38,48,25,29,124,267
tyler diamond,Orthodox,0,51,107,34,88,12,14,5,5,20,62
tyron woodley,Orthodox,5,351,747,211,564,109,148,31,35,182,543
tyson nam,Orthodox,3,211,654,140,551,41,69,30,34,187,613
tyson pedro,Orthodox,4,183,296,95,181,52,66,36,49,128,224
umar nurmagomedov,Orthodox,1,153,218,103,151,33,46,17,21,83,138
uriah hall,Orthodox,5,343,756,209,558,67,120,67,78,301,689
urijah faber,Orthodox,2,155,488,121,427,19,41,15,20,91,407
uros medic,Southpaw,3,98,160,66,124,14,18,18,18,58,102
valentina shevchenko,Southpaw,1,830,1570,533,1170,112,168,185,232,583,1268
valerie letourneau,Orthodox,0,127,296,80,236,34,42,13,18,89,248
vanessa demopoulos,Orthodox,1,195,393,119,294,54,72,22,27,115,296
vanessa melo,Orthodox,0,209,679,145,577,30,59,34,43,199,669
veronica hardy,Southpaw,0,226,491,157,390,39,64,30,37,162,400
viacheslav borshchev,Orthodox,1,91,166,44,115,18,21,29,30,74,142
vicente luque,Orthodox,10,934,1764,576,1327,107,153,251,284,830,1624
victor altamirano,Switch,1,199,339,108,227,65,83,26,29,138,259
victor henry,Switch,0,390,722,217,513,141,169,32,40,316,628
victor martinez,Orthodox,0,7,28,4,20,0,1,3,7,7,28
victor rodriguez,Switch,0,6,16,5,14,1,2,0,0,6,15
victoria leonardo,Orthodox,0,99,282,42,197,34,54,23,31,78,254
viktor pesta,Orthodox,0,10,61,9,60,1,1,0,0,6,52
vinc pichel,Orthodox,1,326,708,159,490,83,115,84,103,220,570
vince cachero,Orthodox,0,91,198,66,163,13,21,12,14,72,170
vince morales,Orthodox,2,398,1098,256,884,105,163,37,51,360,1040
vinicius moreira,Orthodox,0,38,69,4,18,17,29,17,22,34,63
vinicius salvador,Southpaw,0,47,130,26,102,15,21,6,7,39,119
virna jandiroba,Orthodox,1,191,491,158,432,31,57,2,2,155,439
viscardi andrade,Orthodox,0,38,88,30,77,5,8,3,3,31,76
vitor belfort,Southpaw,0,61,149,45,127,15,21,1,1,43,122
vitor miranda,Orthodox,0,143,369,70,237,26,62,47,70,101,320
vitor petrino,Orthodox,0,39,82,27,66,10,13,2,3,28,65
viviane araujo,Orthodox,1,652,1377,486,1175,100,127,66,75,623,1332
viviane pereira,Orthodox,0,162,540,122,463,28,63,12,14,141,503
volkan oezdemir,Orthodox,3,579,1222,366,955,87,123,126,144,445,1021
waldo cortes-acosta,Orthodox,0,220,436,165,364,43,57,12,15,215,428
walt harris,Southpaw,7,276,661,198,538,59,101,19,22,169,503
wang guan,Orthodox,1,71,164,30,106,11,20,30,38,61,149
warlley alves,Orthodox,2,372,768,197,527,91,131,84,110,299,678
wellington turman,Orthodox,0,220,447,137,328,52,84,31,35,162,377
will brooks,Orthodox,0,149,250,81,173,45,52,23,25,94,186
william gomis,Southpaw,0,32,70,14,43,10,18,8,9,27,62
william knight,Orthodox,2,174,360,91,229,29,51,54,80,116,295
willie gates,Orthodox,0,13,32,7,25,5,6,1,1,9,22
wilson reis,Southpaw,0,152,592,88,493,19,46,45,53,122,547
wu yanan,Orthodox,0,309,746,158,528,89,127,62,91,246,661
wulijiburen,Orthodox,0,65,152,35,102,17,33,13,17,45,128
yair rodriguez,Orthodox,3,677,1492,377,1107,120,179,180,206,548,1276
yan cabral,Orthodox,0,32,85,19,70,11,13,2,2,14,62
yan xiaonan,Orthodox,0,752,1704,508,1362,84,125,160,217,657,1568
yana santos,Orthodox,0,357,638,111,333,153,188,93,117,184,430
yanal ashmouz,Orthodox,0,15,20,14,18,0,0,1,2,2,4
yancy medeiros,Orthodox,6,373,968,256,803,85,130,32,35,307,879
yao zhikui,Orthodox,0,29,124,15,101,4,7,10,16,20,111
yaotzin meza,Orthodox,0,25,61,10,43,6,8,9,10,21,56
yazmin jauregui,Orthodox,2,153,372,106,294,15,36,32,42,119,319
yi zha,Orthodox,0,24,58,17,48,6,9,1,1,13,46
yoel romero,Southpaw,5,387,852,248,656,61,98,78,98,300,732
yohan lainesse,Orthodox,1,65,150,26,89,16,23,23,38,58,143
yorgan de castro,Orthodox,1,78,192,34,137,12,20,32,35,78,187
yoshinori horie,Orthodox,0,39,79,24,62,7,8,8,9,35,68
youssef zalal,Switch,1,289,598,181,461,58,79,50,58,234,512
yusaku kinoshita,Southpaw,0,10,24,6,20,1,1,3,3,10,24
yushin okami,Southpaw,0,25,75,21,70,2,3,2,2,12,59
yusuke kasuya,Southpaw,0,4,10,2,6,2,4,0,0,3,8
yuta sasaki,Southpaw,0,110,268,71,208,29,43,10,17,69,196
zabit magomedsharipov,Orthodox,0,380,784,252,613,50,84,78,87,308,688
zac pauga,Orthodox,0,91,135,45,83,30,34,16,18,52,91
zach makovsky,Southpaw,0,61,140,31,107,17,19,13,14,42,116
zak cummings,Southpaw,7,429,1176,256,944,83,129,90,103,374,1098
zak ottow,Orthodox,2,203,551,118,419,40,80,45,52,174,501
zarah fairn,Orthodox,0,132,284,103,252,18,21,11,11,121,269
zarrukh adashev,Southpaw,0,115,285,76,226,16,31,23,28,107,273
zelim imadaev,Orthodox,0,115,311,71,247,28,44,16,20,88,270
zhalgas zhumagulov,Switch,0,322,700,110,414,109,171,103,115,303,673
zhang weili,Switch,2,575,1204,317,815,80,129,178,260,414,998
zubaira tukhugov,Orthodox,3,261,649,238,609,19,36,4,4,230,605
zviad lazishvili,Orthodox,0,63,160,25,115,17,22,21,23,60,153
