fighter,sub_attempts,sub_landed,reversals,control
aalon cruz,0,0,0,16
aaron phillips,1,0,0,366
abdul razak alhassan,0,0,1,644
abdul-kerim edilov,1,0,0,331
abel trujillo,1,1,0,493
abu azaitar,0,0,1,321
abubakar nurmagomedov,0,0,0,843
abus magomedov,0,0,0,2
adam fugitt,0,0,0,284
adam milstead,0,0,0,20
adam wieczorek,1,1,0,266
adam yandiev,0,0,0,0
adrian yanez,0,0,0,16
adriano martins,1,0,0,10
aiemann zahabi,0,0,1,160
ailin perez,0,0,0,93
aj dobson,0,0,0,76
aj fletcher,3,1,3,579
al iaquinta,0,0,0,43
alan baudot,0,0,0,165
alan jouban,2,0,1,254
alan patrick,2,0,0,2349
alatengheili,0,0,0,461
albert duraev,1,0,0,683
albert morales,0,0,1,732
albert tumenov,0,0,0,17
alberto mina,0,0,0,181
alberto uda,0,0,1,295
alejandro perez,2,1,0,487
aleksa camur,0,0,0,326
aleksandar rakic,1,0,0,2137
aleksandra albu,0,0,0,273
aleksei kunchenko,0,0,0,130
aleksei oleinik,14,6,4,2064
alen amedovski,0,0,1,13
alessandro costa,0,0,0,0
alessio di chirico,0,0,0,707
alex caceres,4,2,2,1021
alex chambers,0,0,0,463
alex da silva,1,0,1,1662
alex garcia,1,1,0,947
alex gorgees,0,0,0,0
alex morono,4,1,1,870
alex nicholson,1,0,0,1
alex oliveira,5,2,1,3081
alex pereira,0,0,0,115
alex perez,4,2,0,1270
alex reyes,0,0,0,18
alex ricci,0,0,0,88
alex white,3,0,1,444
alexa grasso,6,2,3,1024
alexander gustafsson,0,0,0,870
alexander hernandez,1,0,2,817
alexander munoz,0,0,0,195
alexander volkanovski,3,0,3,2862
alexander volkov,0,0,0,763
alexander yakovlev,1,1,0,631
alexandr romanov,4,3,1,1916
alexandre pantoja,10,4,3,1606
alexis davis,5,0,3,2527
ali alqaisi,2,0,0,475
ali bagautinov,0,0,1,676
aliaskhab khizriev,1,1,0,166
alistair overeem,3,0,0,1673
aljamain sterling,8,2,2,2566
allan nascimento,3,1,3,726
allan zuniga,1,0,0,0
allen crowder,1,0,0,142
alonzo menifield,1,1,1,1666
alvaro herrera mendoza,1,0,0,10
amanda cooper,6,0,1,1018
amanda lemos,3,2,1,715
amanda nunes,9,2,0,3290
amanda ribas,6,2,1,1942
amir albazi,2,2,0,869
anderson dos santos,2,1,0,436
anderson silva,0,0,0,36
andre ewell,1,0,0,277
andre fialho,0,0,0,70
andre fili,3,0,3,1237
andre muniz,7,3,0,1158
andre petroski,10,2,1,1539
andre soukhamthath,1,0,0,867
andrea lee,6,1,2,1610
andreas michailidis,0,0,1,406
andrei arlovski,0,0,1,884
andrew holbrook,3,0,0,173
andrew sanchez,0,0,0,2434
ange loosa,0,0,0,334
angela hill,2,0,2,1814
angela magana,0,0,0,0
anna elmose,0,0,0,248
anshul jubli,1,0,0,427
anthony birchak,1,0,1,167
anthony hamilton,0,0,0,505
anthony hernandez,8,3,1,1565
anthony ivy,0,0,0,350
anthony johnson,0,0,0,232
anthony pettis,8,2,10,1105
anthony rocco martin,9,2,4,2124
anthony smith,7,4,1,813
anton turkalj,0,0,1,280
anton zafir,0,0,0,81
antonina shevchenko,3,1,2,1337
antonio arroyo,0,0,1,355
antonio braga neto,0,0,0,194
antonio carlos junior,5,4,2,3226
antonio silva,0,0,0,20
aoriqileng,0,0,0,293
ariane carnelossi,1,1,3,618
ariane lipski,2,1,1,1108
ariel beck,0,0,0,9
arjan bhullar,0,0,0,1298
arman tsarukyan,0,0,0,2315
armen petrosyan,0,0,1,79
arnold allen,2,1,0,1164
artem lobov,0,0,0,414
ashkan mokhtarian,0,0,0,151
ashlee evans-smith,0,0,0,614
ashley yoder,6,0,5,2603
askar askarov,2,0,2,1409
askar mozharov,0,0,0,0
aspen ladd,3,0,1,1608
augusto mendes,0,0,1,325
augusto montano,0,0,0,0
augusto sakai,0,0,0,1028
austin arnett,0,0,0,426
austin hubbard,0,0,2,928
austin lingo,0,0,0,404
austin springer,0,0,0,3
azamat murzakanov,0,0,0,275
azunna anyanwu,0,0,0,0
barb honchak,2,0,0,21
bartosz fabinski,0,0,0,943
batgerel danaa,0,0,0,45
bea malecki,2,1,0,273
bec rawlings,1,0,0,563
belal muhammad,3,1,0,3433
ben askren,1,1,1,233
ben nguyen,2,1,2,222
ben rothwell,3,2,0,911
ben saunders,4,0,0,132
ben sosoli,0,0,0,0
beneil dariush,7,2,1,3330
benito lopez,1,0,0,112
benoit saint denis,2,1,0,656
bethe correia,0,0,0,620
bevon lewis,0,0,0,948
bharat kandare,0,0,0,0
bibulatov magomed,0,0,0,600
bill algeo,1,1,3,1113
billy quarantillo,8,1,1,1730
bj penn,0,0,0,237
blagoy ivanov,1,0,0,661
blake bilder,0,0,0,103
blood diamond,0,0,0,71
bo nickal,2,1,0,150
bobby green,3,0,2,1723
bobby moffett,3,0,1,459
bobby nash,2,0,0,402
bojan mihajlovic,0,0,0,66
bojan velickovic,3,0,3,462
boston salmon,0,0,0,43
brad katona,0,0,0,930
brad pickett,0,0,1,452
brad riddell,0,0,1,563
brad scott,1,0,0,191
brad tavares,0,0,1,743
brady hiestand,1,0,1,1014
brandon davis,1,1,0,472
brandon jenkins,0,0,1,14
brandon moreno,8,3,3,2754
brandon royval,7,3,2,346
brandon thatch,2,0,0,30
brendan allen,10,5,9,1622
brendan o'reilly,1,0,2,267
brett johns,6,2,1,2709
brian camozzi,1,0,0,30
brian kelleher,6,3,2,2015
brian ortega,8,3,1,539
brianna fortino,0,0,0,555
brock lesnar,0,0,0,487
brogan walker,0,0,1,76
brok weaver,1,0,1,168
bruna brasil,0,0,0,79
brunno ferreira,0,0,0,1
bruno silva,1,1,0,1256
bruno souza,0,0,0,57
bryan barberena,4,1,2,859
bryan battle,1,1,0,284
bryan caraway,0,0,0,711
bryce mitchell,10,1,1,2726
cain velasquez,0,0,0,158
caio borralho,2,0,4,1552
caio magalhaes,1,0,0,167
callan potter,0,0,1,508
calvin kattar,1,0,1,356
cameron else,0,0,0,16
cameron saaiman,0,0,6,636
cameron vancamp,0,0,0,0
carl deaton,0,0,0,0
carla esparza,3,0,5,3217
carlo pedersoli jr.,0,0,0,105
carlos candelario,1,0,3,307
carlos condit,2,0,3,537
carlos felipe,0,0,0,213
carlos hernandez,0,0,0,82
carlos huachin,0,0,0,0
carlos mota,1,0,1,11
carlos ulberg,0,0,0,89
carls john de tomas,0,0,1,132
carlston harris,1,1,0,695
carlton minus,0,0,0,0
casey kenney,2,1,4,857
casey o'neill,3,1,0,1129
cat zingano,0,0,2,1093
cb dollaway,4,0,1,668
cesar arzamendia,1,0,0,3
cezar ferreira,4,2,0,1990
chad anheliger,2,0,0,80
chad laprise,0,0,0,256
chad mendes,0,0,0,71
chan sung jung,3,0,0,701
chan-mi jeon,0,0,0,2
chance rencountre,1,1,0,818
charles byrd,1,1,1,511
charles johnson,0,0,1,261
charles jourdain,4,1,0,701
charles oliveira,20,8,4,2265
charles rosa,7,1,3,616
charlie ontiveros,0,0,0,8
charlie ward,0,0,0,8
chas skelly,7,2,3,1540
chase hooper,9,1,7,1013
chase sherman,0,0,0,358
chelsea chandler,0,0,0,125
cheyanne vlismas,1,0,3,101
chidi njokuani,1,0,0,154
chris avila,0,0,0,22
chris barnett,0,0,0,98
chris beal,0,0,0,11
chris camozzi,1,0,0,360
chris curtis,0,0,0,88
chris daukaus,0,0,0,126
chris de la rocha,2,0,0,557
chris dempsey,0,0,0,199
chris duncan,0,0,0,391
chris fishgold,3,1,1,264
chris gruetzemacher,0,0,0,285
chris gutierrez,1,0,2,438
chris kelades,0,0,0,115
chris wade,5,1,6,1159
chris weidman,3,1,0,1290
christian aguilera,0,0,0,32
christian colombo,0,0,0,114
christian duncan,0,0,0,38
christian rodriguez,4,1,1,571
christina marks,0,0,0,41
christos giagos,2,1,1,1736
cindy dandois,0,0,0,398
ciryl gane,5,2,0,736
cj vergara,1,0,1,631
claudia gadelha,5,1,0,2092
claudio puelles,7,3,0,1925
claudio ribeiro,0,0,0,16
claudio silva,6,3,0,1168
clay guida,2,1,1,2130
clayton carpenter,3,1,1,79
clint hester,0,0,0,0
cm punk,0,0,1,172
cody brundage,2,1,0,341
cody durden,1,0,0,1567
cody east,0,0,0,63
cody garbrandt,0,0,0,404
cody pfister,0,0,2,212
cody stamann,0,0,1,1780
colby covington,2,1,1,5509
cole miller,1,0,1,215
cole smith,5,0,0,1186
cole williams,0,0,0,0
collin anglin,0,0,0,31
conor mcgregor,1,0,1,263
corey anderson,0,0,0,2317
cortney casey,6,2,2,642
cory hendricks,0,0,0,18
cory mckenna,2,1,1,1272
cory sandhagen,3,1,3,1346
court mcgee,3,0,1,2450
craig white,1,0,0,117
cristian quinonez,0,0,0,2
cristiane justino,0,0,0,573
cristina stanciu,2,0,0,198
cub swanson,1,0,1,861
curtis blaydes,0,0,0,4806
curtis millender,0,0,0,53
cynthia calvillo,9,3,0,1937
cyril asker,1,1,0,492
da woon jung,1,1,0,1224
da'mon blackshear,2,0,3,389
daichi abe,0,0,0,22
dakota bush,0,0,1,181
dalcha lungiambula,0,0,0,1147
damian grabowski,0,0,0,1
damian stasiak,2,2,1,852
damien brown,3,0,0,219
damir hadzovic,1,0,1,454
damir ismagulov,0,0,0,1174
damon jackson,11,2,5,2087
dan argueta,2,0,2,778
dan henderson,0,0,0,105
dan hooker,4,2,1,1653
dan ige,1,1,1,1145
dan moret,1,0,0,585
daniel cormier,3,2,0,1539
daniel jolly,0,0,0,8
daniel kelly,1,0,0,546
daniel lacerda,2,0,0,126
daniel marcos,0,0,0,60
daniel omielanczuk,0,0,2,390
daniel pineda,3,1,1,646
daniel rodriguez,1,1,1,204
daniel santos,0,0,0,98
daniel sarafian,0,0,0,0
daniel spitz,0,0,0,66
daniel teymur,1,0,0,596
daniel zellhuber,0,0,0,104
danielle taylor,1,0,0,1
danilo belluardo,0,0,0,262
danilo marques,2,1,0,1357
danny chavez,0,0,0,170
danny henry,3,1,0,366
danny roberts,1,0,3,1145
danyelle wolf,0,0,0,0
darian weeks,0,0,0,479
darko stosic,0,0,0,590
daron cruickshank,0,0,0,177
darrell horcher,2,0,1,588
darren elkins,6,2,3,3243
darren stewart,1,1,0,1247
darren till,0,0,1,532
darrick minner,9,1,4,1366
davey grant,2,1,2,1327
davi ramos,3,3,0,757
david branch,0,0,0,575
david dvorak,1,1,2,347
david onama,1,1,1,249
david teymur,0,0,0,171
david zawada,7,1,1,376
dean barry,0,0,0,15
deanna bennett,1,0,0,590
deiveson figueiredo,20,3,0,1624
demetrious johnson,6,2,1,2258
demian maia,6,4,4,2431
denis tiuliulin,0,0,0,61
denise gomes,3,0,2,564
dennis bermudez,3,0,1,1353
dennis siver,0,0,0,11
denys bondar,0,0,0,37
dequan townsend,0,0,0,24
derek brunson,4,1,1,2785
deron winn,0,0,1,1140
derrick krantz,1,0,1,434
derrick lewis,0,0,2,952
desmond green,0,0,0,347
devin clark,1,0,1,3503
devin powell,2,0,1,147
devonte smith,1,0,0,207
dhiego lima,0,0,0,260
diana belbita,0,0,0,230
diego brandao,0,0,0,20
diego ferreira,3,1,4,859
diego rivas,3,0,1,216
diego sanchez,0,0,0,2223
dileno lopes,0,0,0,310
dmitrii smoliakov,0,0,0,0
dmitry sosnovskiy,2,1,1,255
domingo pilarte,1,0,1,459
dominic waters,0,0,0,435
dominick cruz,0,0,1,438
dominick reyes,2,1,0,257
dominique steele,0,0,0,891
don madge,1,0,0,609
don shainis,2,0,2,147
don'tale mayes,0,0,0,1100
donald cerrone,4,2,2,1041
dong hyun kim,0,0,0,385
dong hyun ma,0,0,1,725
dooho choi,0,0,1,380
douglas silva de andrade,2,1,0,490
drakkar klose,0,0,0,1538
drako rodriguez,0,0,0,74
drew dober,0,0,1,1152
dricus du plessis,4,1,1,592
duda santana,0,0,0,155
dusko todorovic,0,0,0,725
dustin jacoby,0,0,0,555
dustin ortiz,0,0,8,1448
dustin poirier,11,1,1,2004
dustin stoltzfus,1,0,2,834
dwight grant,0,0,0,134
ed herman,4,1,2,604
eddie alvarez,1,0,0,779
eddie wineland,0,0,0,46
edgar garcia,0,0,0,0
edmen shahbazyan,2,1,1,972
edson barboza,1,0,0,480
eduardo garagorri,0,0,0,142
efrain escudero,0,0,0,133
elias garcia,2,0,1,28
elias theodorou,0,0,3,854
elise reed,0,0,1,355
elizabeth phillips,0,0,1,399
elizeu zaleski dos santos,4,1,1,960
elves brener,0,0,0,0
elvis mutapcic,0,0,0,316
emil meek,4,0,0,523
emily ducote,0,0,0,0
emily whitmire,1,1,2,719
enrique barzola,3,0,1,2017
enrique marin,2,0,0,447
eric shelton,1,0,1,1151
eric spicely,3,2,0,528
erick gonzalez,0,0,0,197
erick montano,0,0,0,314
erick silva,2,1,1,230
erik koch,1,1,1,947
erik perez,0,0,1,726
erik silva,0,0,1,155
erin blanchfield,5,3,0,1590
eryk anders,1,0,1,2674
esteban ribovics,1,0,1,31
evan dunham,2,0,0,654
evan elder,0,0,2,200
fabio cherant,0,0,0,22
fabricio werdum,4,2,3,1220
fares ziam,0,0,3,630
farid basharat,0,0,0,328
felice herrig,2,1,0,1220
felicia spencer,1,1,1,1427
felipe arantes,3,1,1,169
felipe colares,3,0,3,1399
felipe olivieri,0,0,0,19
felipe silva,0,0,0,176
fernando bruno,1,0,0,148
fernie garcia,1,0,1,84
filip pejic,0,0,0,22
francimar barroso,0,0,0,549
francis marshall,0,0,0,167
francis ngannou,2,1,1,702
francisco figueiredo,1,1,1,682
francisco prado,1,0,1,10
francisco rivera,0,0,0,22
francisco trinaldo,6,0,2,2186
frank camacho,0,0,2,386
frank mir,0,0,0,0
frankie edgar,2,0,1,1367
frankie perez,0,0,0,402
frankie saenz,0,0,0,575
fredy serrano,0,0,0,307
gabe green,1,0,0,382
gabriel benitez,2,1,2,252
gabriel bonfim,1,1,0,4
gabriel gonzaga,0,0,0,219
gabriel miranda,0,0,0,20
gabriel santos,0,0,0,240
gabriel silva,1,0,1,415
gabriella fernandes,0,0,0,4
gadzhi omargadzhiev,0,0,0,90
gadzhimurad antigulov,2,2,0,609
gaetano pirrello,0,0,0,0
galore bofando,0,0,0,3
garreth mclellan,0,0,0,223
garrett armfield,0,0,0,112
gaston bolanos,0,0,1,96
gavin tucker,7,2,2,793
geane herrera,2,0,0,94
gegard mousasi,0,0,0,525
genaro valdez,0,0,0,9
geoff neal,1,1,0,929
george sullivan,0,0,0,328
georges st-pierre,1,1,0,196
gerald meerschaert,16,9,8,1806
geraldo de freitas,0,0,2,526
germaine de randamie,3,1,0,286
gian villante,0,0,0,216
giga chikadze,2,0,3,190
gilbert burns,5,3,0,2912
gilbert melendez,0,0,0,4
gilbert urbina,0,0,0,160
gillian robertson,9,7,4,3638
gina mazany,1,0,0,1572
glaico franca moreira,0,0,0,332
gleison tibau,0,0,0,0
gloria de paula,0,0,0,378
glover teixeira,12,4,4,3318
godofredo pepey,4,1,1,245
gokhan saki,0,0,0,9
grant dawson,9,4,0,3672
gray maynard,3,0,1,1366
greg hardy,0,0,0,325
gregor gillespie,3,2,1,2545
gregory rodrigues,2,0,1,515
grigory popov,0,0,2,58
guangyou ning,0,0,0,168
guido cannetti,2,1,2,663
gunnar nelson,5,4,0,1954
guram kutateladze,0,0,0,40
gustavo lopez,2,1,0,191
hacran dias,2,0,0,370
hakeem dawodu,0,0,3,600
hamdy abdelwahab,0,0,0,396
hannah cifers,1,0,0,457
hannah goldy,1,1,0,503
harry hunsucker,1,0,0,0
heather clark,0,0,1,438
hector aldana,0,0,0,63
hector lombard,2,0,0,723
hector sandoval,2,0,1,225
hector urbina,0,0,0,16
henrique da silva,1,1,2,517
henry briones,1,0,0,10
henry cejudo,1,0,0,1118
herbert burns,4,1,0,324
holly holm,1,0,0,3445
horacio gutierrez,0,0,0,0
hu yaozong,1,0,0,349
humberto bandenay,1,0,0,230
hunter azure,1,0,2,774
hyun gyu lim,0,0,0,0
hyunsung park,3,1,0,107
ian entwistle,1,0,0,13
ian garry,0,0,0,127
ian heinisch,4,0,1,669
iasmin lucindo,0,0,0,34
ignacio bahamondes,2,1,0,253
igor pokrajac,0,0,1,197
ihor potieria,0,0,0,38
ike villanueva,0,0,0,63
ilia topuria,6,1,0,804
ilir latifi,1,1,0,2313
impa kasanganay,1,1,0,189
inoue mizuki,0,0,0,449
ion cutelaba,0,0,0,1668
irene aldana,3,1,3,255
irwin rivera,0,0,1,83
isabela de padua,1,0,0,279
islam makhachev,9,5,3,4028
ismael bonfim,0,0,0,47
ismail naurdiev,1,0,2,613
israel adesanya,3,0,2,606
istela nunes,0,0,0,15
iuri alcantara,5,2,0,131
jacare souza,2,1,1,1207
jack della maddalena,1,1,0,53
jack hermansson,5,3,0,1916
jack jenkins,0,0,0,360
jack marshman,0,0,0,17
jack shore,4,3,1,1731
jacob kilburn,1,0,0,82
jacob malkoun,2,0,0,2144
jafel filho,2,0,1,50
jai herbert,0,0,0,751
jailton almeida,3,2,0,1139
jairzinho rozenstruik,0,0,1,41
jake collier,3,1,2,732
jake ellenberger,0,0,0,187
jake hadley,2,1,1,234
jake matthews,6,2,2,2078
jalin turner,7,3,1,638
jamahal hill,0,0,1,368
jamal pogues,0,0,0,349
jamall emmers,1,0,0,804
james bochnovic,0,0,0,67
james krause,8,0,2,1462
james moontasri,0,0,0,98
james mulheron,0,0,0,40
james te huna,0,0,0,0
james vick,3,1,0,388
jamey simmons,0,0,0,44
jamie moyle,0,0,0,133
jamie mullarkey,1,0,1,1065
jamie pickett,0,0,0,435
jan blachowicz,3,2,0,1829
jaqueline amorim,3,0,0,222
jared cannonier,0,0,0,625
jared gooden,0,0,0,133
jared gordon,0,0,3,3429
jared rosholt,0,0,0,0
jared vanderaa,0,0,0,255
jarjis danho,0,0,0,423
jarno errens,1,0,0,14
jarred brooks,2,0,0,1358
jasmine jasudavicius,0,0,1,1272
jason gonzalez,1,1,0,7
jason knight,12,1,3,1138
jason novelli,0,0,0,87
jason saggo,0,0,1,405
jason witt,2,1,0,1055
javid basharat,0,0,0,512
jay cucciniello,0,0,0,0
jay perrin,0,0,0,464
jc cottrell,0,0,1,243
jeff hughes,0,0,1,136
jeff molina,0,0,0,263
jeka saragih,0,0,0,9
jenel lausa,3,0,0,161
jennifer maia,1,1,0,1356
jeongyeong lee,0,0,0,50
jeremiah wells,1,1,0,479
jeremy kennedy,0,0,0,1792
jeremy kimball,0,0,0,86
jeremy stephens,1,0,0,590
jerome rivera,0,0,1,67
jerrod sanders,0,0,1,298
jesse ronson,1,0,0,23
jesse strader,0,0,0,201
jesse taylor,2,1,1,330
jessica aguilar,1,0,0,629
jessica andrade,2,2,1,1882
jessica eye,6,0,0,1395
jessica penne,1,1,0,492
jessica-rose clark,2,0,2,1995
jessin ayari,1,0,0,63
jesus aguilar,1,0,0,23
jesus pinedo,0,0,0,267
ji yeon kim,0,0,0,553
jim alers,0,0,0,202
jim miller,12,5,1,1765
jim wallhead,0,0,0,41
jimi manuwa,1,0,0,193
jimmie rivera,1,0,0,574
jimmy crute,8,2,3,1297
jimmy flick,1,1,0,24
jin soo son,0,0,0,253
jinh yu frey,2,0,0,747
jiri prochazka,1,1,4,366
jj aldrich,0,0,1,1577
joachim christensen,0,0,0,500
joanderson brito,1,1,0,386
joanna jedrzejczyk,1,0,0,861
joanne wood,4,1,2,1089
joaquim silva,3,0,0,174
joaquin buckley,0,0,0,439
joby sanchez,0,0,0,80
jocelyn jones-lybarger,0,0,0,113
jodie esquibel,0,0,0,377
joe duffy,2,1,1,357
joe giannetti,0,0,0,171
joe lauzon,3,0,0,1019
joe proctor,0,0,0,0
joe pyfer,0,0,0,19
joe riggs,0,0,0,0
joe solecki,7,2,0,2654
joe soto,9,2,0,448
joel alvarez,3,2,1,19
joey gomez,0,0,0,40
john allan,3,0,0,245
john castaneda,1,1,0,244
john dodson,0,0,0,216
john gunther,0,0,0,668
john lineker,2,0,0,358
john makdessi,0,0,0,120
john moraga,6,0,2,674
john phillips,0,0,1,87
johnny case,0,0,0,248
johnny eduardo,1,0,0,108
johnny munoz,4,1,0,865
johnny walker,3,1,3,372
johny hendricks,0,0,0,758
jon jones,1,1,0,1277
jon tuck,2,1,0,272
jonathan martinez,1,0,2,1526
jonathan meunier,0,0,0,80
jonathan pearce,4,1,1,1715
jonathan wilson,0,0,0,128
jonavin webb,0,0,0,34
jordan espinosa,0,0,0,185
jordan griffin,8,1,5,1133
jordan johnson,4,1,0,1339
jordan leavitt,3,1,1,947
jordan mein,2,0,2,1149
jordan rinaldi,4,1,1,960
jordan williams,0,0,0,195
jordan wright,1,0,0,457
jorge masvidal,2,0,0,792
jose aldo,1,0,0,947
jose quinonez,0,0,0,1046
jose torres,0,0,1,42
joselyne edwards,1,0,3,371
joseph benavidez,0,0,2,918
joseph gigliotti,1,0,0,97
joseph holmes,1,1,1,255
joseph morales,5,1,0,113
josh barnett,1,1,1,420
josh culibao,2,1,0,234
josh emmett,1,0,1,773
josh fremd,3,1,2,463
josh parisian,0,0,0,573
josh quinlan,0,0,0,0
josh samman,0,0,0,127
josh stansbury,2,0,0,722
joshua burkman,0,0,0,470
joshua weems,0,0,0,63
josiane nunes,0,0,0,170
journey newson,1,0,0,57
jp buys,4,0,0,142
juan adams,0,0,0,360
juan espino,3,2,0,532
juancamilo ronderos,0,0,0,82
julia avila,1,1,2,676
julian erosa,3,2,0,717
julian marquez,10,3,1,185
juliana lima,0,0,2,797
juliana miller,4,0,0,659
julianna pena,4,2,1,1484
julija stoliarenko,5,1,1,271
julio arce,3,1,0,492
junior albini,0,0,0,448
junior dos santos,0,0,0,61
junyong park,5,2,1,1759
jussier formiga,6,2,1,2216
justin frazier,0,0,0,0
justin gaethje,0,0,0,257
justin jaynes,3,0,5,226
justin ledet,1,1,0,149
justin salas,0,0,0,41
justin scoggins,0,0,0,771
justin tafa,0,0,0,257
justin willis,0,0,0,386
justine kish,1,0,3,705
kai kamaka,1,0,1,893
kai kara-france,0,0,1,749
kailin curran,1,0,1,1242
kajan johnson,0,0,0,255
kalindra faria,1,0,0,347
kamaru usman,1,0,0,7078
kamuela kirk,3,0,0,94
kanako murata,2,0,0,715
karine gevorgyan,0,0,0,22
karine silva,1,1,0,47
karl roberson,3,2,3,867
karl williams,0,0,0,613
karol rosa,0,0,1,1957
karolina kowalkiewicz,3,1,1,1129
katlyn chookagian,5,0,0,969
kay hansen,3,1,0,870
kazula vargas,1,0,2,439
kb bhullar,0,0,0,12
keita nakamura,2,1,1,893
keith berish,0,0,0,52
kelly faszholz,0,0,0,106
kelvin gastelum,0,0,3,1128
kennedy nzechukwu,1,0,0,989
kenny robertson,0,0,2,192
ketlen vieira,4,1,0,2500
kevin aguilar,0,0,1,322
kevin casey,0,0,0,629
kevin croom,1,0,1,514
kevin holland,7,3,3,1655
kevin lee,5,3,1,3820
kevin natividad,0,0,0,300
khabib nurmagomedov,6,4,0,3443
khadis ibragimov,1,0,1,688
khalid murtazaliev,0,0,1,359
khalid taha,1,0,3,163
khalil rountree jr.,1,0,0,98
khama worthy,1,1,2,48
khamzat chimaev,7,3,0,975
khaos williams,0,0,0,451
khusein askhabov,0,0,2,58
kiichi kunimoto,0,0,1,420
kj noons,0,0,0,0
kleydson rodrigues,1,0,2,194
klidson abreu,0,0,0,186
kris moutinho,0,0,0,9
kron gracie,1,1,0,78
krzysztof jotko,1,0,2,2125
kurt holobaugh,0,0,0,244
kwan ho kwak,0,0,0,21
kyle bochniak,0,0,0,720
kyle daukaus,6,1,2,1663
kyle nelson,4,0,0,898
kyle noke,0,0,0,223
kyle prepolec,0,0,0,48
kyle stewart,0,0,0,135
kyler phillips,3,1,1,928
kyoji horiguchi,0,0,0,621
kyung ho kang,2,2,0,1428
lando vannata,3,1,1,567
lara procopio,1,0,0,895
laureano staropoli,0,0,0,412
lauren mueller,0,0,0,395
lauren murphy,1,1,1,1768
leah letson,0,0,0,239
leandro issa,0,0,0,391
leandro silva,0,0,0,86
leon edwards,6,1,1,2951
leonardo guimaraes,2,0,0,226
leonardo santos,0,0,0,291
lerone murphy,2,0,1,909
leslie smith,0,0,0,107
levan makashvili,0,0,0,121
li jingliang,0,0,2,538
liana jojua,3,1,0,285
liang na,1,0,2,177
liliya shakirova,0,0,0,29
lina lansberg,1,0,2,2285
liudvik sholinian,0,0,0,176
livinha souza,6,1,0,678
liz carmouche,2,0,0,1528
loik radzhabov,0,0,0,459
loma lookboonmee,1,1,1,921
loopy godinez,4,1,0,2190
lorenz larkin,0,0,0,199
louis cosce,1,0,0,269
louis smolka,11,1,7,1194
luan chagas,1,1,2,426
luan lacerda,0,0,0,94
luana carolina,4,0,2,609
luana pinheiro,1,0,0,266
lucas alexander,0,0,0,55
lucas almeida,0,0,0,133
lucas martins,0,0,0,0
lucie pudilova,5,0,2,1648
ludovit klein,0,0,0,1237
luigi vendramini,1,0,0,379
luis henrique,5,2,0,1721
luis pena,8,1,8,2291
luis saldana,1,0,1,453
lukasz brzeski,0,0,0,29
lukasz sajewski,0,0,0,262
luke jumeau,0,0,0,234
luke rockhold,0,0,1,475
luke sanders,1,1,0,672
lyman good,0,0,0,59
lyoto machida,0,0,0,137
mackenzie dern,15,4,4,2004
macy chiasson,2,1,3,2383
mads burnell,1,0,1,1037
magnus cedenblad,0,0,0,271
magomed ankalaev,0,0,2,2596
magomed mustafaev,1,0,0,487
maheshate,0,0,0,0
maia stevenson,0,0,0,89
mairbek taisumov,0,0,0,7
makhmud muradov,1,0,1,361
maki pitolo,3,0,2,786
makwan amirkhani,7,3,4,2603
malcolm gordon,2,0,3,567
mallory martin,1,1,0,415
mana martinez,1,0,1,120
mandy bohm,1,0,0,84
manel kape,2,0,1,125
manny bermudez,6,3,3,736
manon fiorot,0,0,0,541
manuel torres,0,0,0,16
manvel gamburyan,0,0,0,0
mara romero borella,1,1,0,1002
marc diakiese,0,0,2,2809
marc-andre barriault,1,1,1,761
marcel fortuna,1,0,0,68
marcelo golm,1,1,0,174
marcelo guimaraes,0,0,0,237
marcelo rojo,0,0,0,58
marcin held,3,0,0,1394
marcin prachnio,0,0,0,157
marcin tybura,1,0,1,3706
marco beltran,1,1,0,150
marco polo reyes,0,0,0,237
marcos mariano,0,0,0,48
marcos rogerio de lima,2,2,1,2142
maria oliveira,0,0,0,97
marina rodriguez,2,0,2,573
mario bautista,5,3,1,912
marion reneau,8,1,1,1186
mariya agapova,3,2,1,289
mark de la rosa,1,1,0,578
mark eddiva,0,0,0,17
mark godbeer,0,0,1,292
mark hunt,0,0,0,9
mark madsen,0,0,0,920
mark striegl,0,0,0,82
markus perez,5,2,0,754
marlon moraes,2,1,0,364
marlon vera,14,3,1,1456
martin bravo,0,0,0,261
martin buday,0,0,0,470
martin day,2,0,2,251
martin sano,0,0,0,0
martin svensson,0,0,0,19
marvin vettori,8,2,1,3249
maryna moroz,5,1,0,1384
masanori kanehara,1,0,0,350
masio fullen,0,0,0,5
mason jones,0,0,0,950
mateus mendonca,0,0,0,139
mateusz gamrot,1,1,0,1207
mateusz rebecki,0,0,0,507
matheus nicolau,3,0,0,676
matt bessette,0,0,1,92
matt brown,1,0,1,1194
matt dwyer,0,0,0,172
matt frevola,3,0,3,593
matt mitrione,0,0,0,0
matt sayles,2,1,1,308
matt schnell,7,3,1,264
matt wiman,0,0,1,20
matthew lopez,6,0,2,1028
matthew semelsberger,1,0,0,880
maurice greene,2,2,0,109
mauricio rua,0,0,0,1116
max griffin,4,0,3,1855
max holloway,4,0,0,784
max rohskopf,1,0,0,67
maxim grishin,0,0,0,380
maximo blanco,1,0,0,29
maycee barber,1,0,5,1290
mayra bueno silva,7,4,0,485
megan anderson,1,1,2,219
mehdi baghdad,0,0,0,7
melinda fabian,0,0,0,26
melissa gatto,1,0,3,488
melissa martinez,0,0,0,162
melquizael costa,0,0,0,2
melsik baghdasaryan,0,0,0,81
merab dvalishvili,3,0,0,4134
michael bisping,0,0,0,48
michael chandler,1,0,1,647
michael chiesa,5,2,1,2851
michael graves,1,1,0,753
michael johnson,1,0,1,558
michael mcbride,2,0,1,88
michael mcdonald,2,1,0,12
michael morales,0,0,1,77
michael trizano,3,0,1,657
michal figlak,0,0,0,95
michal oleksiejczuk,0,0,1,318
micheal gillmore,0,0,0,3
michel batista,0,0,0,72
michel pereira,4,1,0,538
michel prazeres,7,3,2,1937
michel quinones,0,0,0,0
michelle waterson-gomez,4,1,1,2078
michinori tanaka,0,0,2,871
mickey gall,11,5,3,1069
miesha tate,2,1,0,1221
miguel baeza,6,1,0,126
mike breeden,0,0,0,116
mike davis,1,0,0,648
mike de la torre,0,0,0,14
mike grundy,1,0,0,406
mike jackson,0,0,0,455
mike malott,1,1,0,101
mike perry,2,0,0,1579
mike pyle,1,0,1,113
mike rodriguez,0,0,0,526
mike santiago,2,0,1,416
mike wilkinson,2,0,1,155
milana dudieva,0,0,0,149
miles johns,0,0,1,483
miranda granger,0,0,1,212
miranda maverick,2,1,1,1163
mirsad bektic,3,1,0,2221
misha cirkunov,7,5,3,871
mitch clarke,0,0,0,26
mitch gagnon,2,0,1,250
mizuto hirota,1,0,0,683
modestas bukauskas,0,0,0,61
mohammed usman,0,0,0,2
molly mccann,4,0,1,772
montana de la rosa,7,3,1,2800
montel jackson,2,1,2,2297
montserrat conejo,2,0,1,593
mounir lazzez,0,0,0,396
movsar evloev,2,0,0,2097
muhammad mokaev,4,3,0,1828
muslim salikhov,0,0,0,438
myles jury,0,0,1,518
nad narimani,0,0,0,894
nadia kassem,6,0,2,201
naoki inoue,5,0,1,553
nasrat haqparast,0,0,0,333
nassourdine imavov,10,0,0,853
natalia silva,0,0,1,200
natan levy,0,0,0,547
nate diaz,3,2,1,935
nate landwehr,5,2,2,617
nate maness,1,1,0,134
nate marquardt,0,0,0,517
nathan coy,0,0,0,445
nathaniel wood,4,3,1,1080
nazim sadykhov,0,0,0,19
neil magny,6,1,0,2274
neil seery,1,0,0,28
nicco montano,1,0,1,743
nicholas musoke,0,0,0,189
nick aguirre,1,0,1,75
nick diaz,0,0,0,0
nick fiore,0,0,0,34
nick hein,0,0,0,36
nick maximov,1,0,3,1090
nick roehrick,0,0,0,14
nicolae negumereanu,0,0,0,761
nicolas dalby,1,0,2,1067
nik lentz,7,1,2,1443
nikita krylov,8,3,5,2652
niklas stolze,1,0,0,21
niko price,6,2,3,1228
nikolas motta,0,0,0,5
nina nunes,2,1,1,706
noad lahat,3,0,1,240
nohelin hernandez,0,0,1,216
nordine taleb,0,0,1,291
norma dumont,0,0,1,995
norman parke,0,0,0,108
nurullo aliev,0,0,1,651
ode osbourne,0,0,0,208
oliver enkamp,0,0,0,71
olivier aubin-mercier,3,2,1,1262
oluwale bamgbose,0,0,0,141
omar morales,0,0,3,537
omari akhmedov,2,1,0,1874
orion cosce,0,0,0,960
oskar piechota,5,0,1,489
ottman azaitar,0,0,0,17
ovince saint preux,4,4,1,1338
paddy pimblett,5,2,0,201
paige vanzant,2,1,1,472
pannie kianzad,1,0,0,975
parker porter,1,0,0,800
pat sabatini,6,1,1,1732
patrick cote,1,0,1,123
patrick cummins,0,0,0,782
patrick williams,0,0,0,93
paul craig,13,6,3,1052
paul felder,3,1,0,1176
paulo costa,0,0,0,411
pearl gonzalez,1,0,0,687
pedro munhoz,5,3,1,735
pete rodriguez,0,0,0,15
peter barrett,0,0,0,159
peter sobotta,1,0,0,796
petr yan,2,0,2,1865
phil hawes,1,0,0,1094
phil rowe,2,0,2,445
philipe lins,0,0,0,337
phillipe nover,0,0,0,0
piera rodriguez,0,0,0,483
pingyuan liu,4,0,1,422
poliana botelho,0,0,0,830
polyana viana,9,3,1,238
preston parsons,8,0,2,799
priscila cachoeira,0,0,2,129
punahele soriano,0,0,0,240
rachael ostovich,2,1,1,100
rafa garcia,2,1,0,1585
rafael alves,4,1,1,235
rafael cavalcante,0,0,0,0
rafael dos anjos,7,3,2,3932
rafael fiziev,0,0,0,463
rafael natal,0,0,0,332
ramazan emeev,5,0,1,1746
ramiz brahimaj,5,2,0,268
ramona pascual,0,0,0,306
randa markos,2,1,7,2749
randy brown,6,3,3,1722
randy costa,0,0,0,195
rani yahya,10,5,4,2985
raoni barcelos,3,1,0,1560
raphael assuncao,0,0,0,932
raphael pessoa,0,0,0,7
raquel pennington,5,1,1,2616
rashad coulter,0,0,0,51
rashad evans,0,0,0,298
rashid magomedov,0,0,0,163
raul rosas jr.,3,1,0,422
raulian paiva,1,0,0,476
ray borg,2,0,4,2724
ray rodriguez,0,0,0,12
reginaldo vieira,0,0,0,349
renan barao,2,0,0,1141
renato moicano,5,5,0,889
reza madadi,0,0,0,593
rhys mckee,0,0,0,12
ricardo lamas,3,1,4,948
ricardo ramos,4,1,0,693
richard walsh,1,0,0,285
richie smullen,0,0,0,100
rick story,0,0,0,517
ricky glenn,3,0,0,1204
ricky rainey,0,0,0,5
ricky simon,4,2,1,2655
ricky turcios,1,0,4,529
rin nakai,1,0,0,332
rinat fakhretdinov,0,0,0,1631
rinya nakamura,0,0,0,3
roan carneiro,0,0,1,270
rob font,5,1,2,956
rob wilkinson,0,0,0,384
robbie lawler,0,0,1,467
robert sanchez,1,1,0,515
robert whiteford,0,0,0,96
robert whittaker,0,0,0,935
rodolfo vieira,3,3,0,939
rodrigo nascimento,2,1,0,783
rogerio bontorin,4,0,1,1154
rogerio nogueira,0,0,0,96
rolando dy,0,0,1,205
roman bogatov,0,0,1,367
roman dolidze,9,0,1,1353
roman kopylov,0,0,0,38
ronda rousey,0,0,0,0
rong zhu,0,0,0,751
ronnie lawrence,0,0,1,962
rony jason,0,0,0,285
roosevelt roberts,4,2,0,1140
roque martinez,1,0,0,431
rory macdonald,0,0,0,8
rose namajunas,2,1,2,1043
ross pearson,0,0,0,247
rostem akman,0,0,0,203
roxanne modafferi,1,0,4,2873
roy nelson,0,0,0,945
russell doane,0,0,0,32
rustam khabilov,0,0,1,2264
ryan bader,1,0,0,682
ryan benoit,2,0,0,204
ryan hall,9,1,4,344
ryan janes,0,0,1,374
ryan laflare,0,0,1,858
ryan macdonald,0,0,0,52
ryan spann,6,2,3,789
sabah homasi,0,0,0,136
sabina mazo,1,1,0,819
sage northcutt,2,0,1,660
said nurmagomedov,6,2,0,454
saidyokub kakhramonov,5,1,0,1278
saimon oliveira,4,0,0,150
salim touahri,0,0,0,161
sam alvey,1,1,1,748
sam hughes,0,0,1,1841
sam patterson,0,0,0,0
sam sicilia,0,0,0,26
santiago ponzinibbio,0,0,0,337
saparbeg safarov,0,0,0,736
sara mcmann,4,2,0,3055
sarah alpar,0,0,0,208
sarah frota,0,0,0,276
sarah moras,5,1,1,1003
sasha palatnikov,0,0,0,252
scott askham,2,0,1,173
scott holtzman,1,0,3,2791
sean brady,4,2,1,1601
sean o'connell,0,0,0,192
sean o'malley,3,0,1,97
sean soriano,0,0,2,105
sean spencer,0,0,0,33
sean strickland,1,0,0,1201
sean woodson,3,0,0,112
sedriques dumas,0,0,1,7
seo hee ham,1,0,1,70
sergei pavlovich,0,0,0,50
sergey khandozhko,0,0,0,116
sergey morozov,0,0,0,1366
serghei spivac,3,2,0,1983
sergio moraes,3,1,0,1224
sergio pettis,0,0,1,410
seungguk choi,0,0,0,158
seungwoo choi,0,0,0,859
shamil abdurakhimov,1,0,0,707
shamil gamzatov,0,0,0,11
shana dobson,0,0,2,212
shane burgos,4,1,0,897
shane campbell,0,0,0,269
shane young,0,0,0,345
shanna young,2,0,1,102
shannon ross,0,0,0,0
shavkat rakhmonov,4,4,0,1070
shayilan nuerdanbieke,0,0,4,1510
sheldon westcott,0,0,0,147
sheymon moraes,0,0,0,190
shinsho anzai,0,0,0,275
sijara eubanks,3,0,2,2825
silvana gomez juarez,0,0,0,81
siyar bahadurzada,2,1,1,822
sodiq yusuff,3,1,1,792
song kenan,0,0,1,100
song yadong,2,1,2,847
spike carlyle,1,0,4,806
stefan sekulic,1,0,0,260
stefan struve,2,2,1,368
stephanie egger,2,2,2,879
stephen thompson,0,0,0,389
steve bosse,0,0,0,163
steve garcia,1,0,0,436
steven koslow,1,0,2,280
steven peterson,6,0,1,1561
stevie ray,3,0,0,698
stipe miocic,0,0,0,1462
sultan aliev,0,0,1,1025
suman mokhtarian,0,0,0,63
sumudaerji,2,0,3,379
sung bin jo,1,0,0,9
syuri kondo,1,0,0,20
tabatha ricci,1,1,0,1283
tae hyun bang,0,0,0,139
tafon nchukwi,0,0,0,504
tagir ulanbekov,3,1,1,1340
tai tuivasa,0,0,0,805
taila santos,9,1,2,2494
takanori gomi,0,0,0,0
takashi sato,0,0,0,68
takeya mizugaki,0,0,0,0
talita bernardo,2,0,2,1178
tamdan mccrory,0,0,0,6
tamires vidal,0,0,0,56
tanner boser,0,0,1,123
tarec saffiedine,0,0,0,404
tatiana suarez,3,3,0,2647
tatsuro taira,7,2,2,1025
tatsuya kawajiri,0,0,2,773
taylor lapilus,0,0,0,58
te edwards,0,0,0,750
tecia torres,1,1,0,1516
teemu packalen,1,1,0,10
tereza bleda,2,0,0,296
terrance mckinney,2,2,0,404
terrion ware,0,0,0,173
teruto ishihara,0,0,0,500
thales leites,5,1,0,1697
themba gorimbo,0,0,1,120
thiago alves,0,0,0,357
thiago moises,10,3,0,1295
thiago santos,1,0,2,1753
thiago tavares,0,0,0,118
thibault gouti,1,0,1,428
thomas almeida,0,0,0,50
thomas gifford,0,0,0,101
tiago dos santos e silva,0,0,0,112
tim boetsch,0,0,0,281
tim elliott,7,1,7,2563
tim kennedy,0,0,0,234
tim means,1,1,1,1537
tim williams,0,0,0,91
timothy johnson,0,0,0,1448
timur valiev,1,0,0,845
tj brown,9,1,7,1806
tj dillashaw,1,0,0,1084
tj laramie,0,0,1,270
todd duffee,0,0,0,116
tom aspinall,2,2,0,286
tom breese,4,0,2,475
tom duquesnoy,0,0,0,36
tom gallicchio,0,0,0,60
tom lawlor,0,0,0,15
tony ferguson,6,2,0,24
tony gravely,0,0,0,2260
tony kelley,4,0,0,324
tony sims,0,0,0,12
tonya evinger,0,0,0,456
toshiomi kazama,0,0,0,0
tracy cortez,2,0,1,1985
travis browne,0,0,0,266
tresean gore,2,1,0,242
trevin giles,3,0,4,1560
trevin jones,1,0,0,774
trevor peek,0,0,0,16
trevor smith,2,0,1,2007
trey ogden,2,0,1,160
tristan connelly,1,0,0,481
tucker lutz,0,0,0,348
tyler diamond,0,0,2,512
tyron woodley,3,1,0,965
tyson nam,0,0,0,127
tyson pedro,4,2,0,656
umar nurmagomedov,2,2,0,915
uriah hall,0,0,2,68
urijah faber,1,0,0,416
uros medic,0,0,0,58
valentina shevchenko,6,2,1,4057
valerie letourneau,0,0,0,141
vanessa demopoulos,2,1,0,846
vanessa melo,0,0,0,25
veronica hardy,2,1,3,794
viacheslav borshchev,0,0,2,77
vicente luque,7,4,1,1016
victor altamirano,0,0,0,506
victor henry,2,0,1,180
victor martinez,0,0,0,0
victor rodriguez,0,0,0,54
victoria leonardo,0,0,2,575
viktor pesta,0,0,0,132
vinc pichel,1,0,1,1003
vince cachero,1,0,1,64
vince morales,0,0,1,93
vinicius moreira,0,0,0,172
vinicius salvador,0,0,0,21
virna jandiroba,6,2,2,1363
viscardi andrade,1,0,0,417
vitor belfort,0,0,0,2
vitor miranda,1,0,1,326
vitor petrino,1,0,4,373
viviane araujo,6,0,0,1471
viviane pereira,1,0,0,343
volkan oezdemir,0,0,0,914
waldo cortes-acosta,0,0,0,16
walt harris,1,0,0,349
wang guan,0,0,0,24
warlley alves,5,0,1,1113
wellington turman,5,1,0,1395
will brooks,1,0,0,543
william gomis,0,0,0,484
william knight,3,0,2,739
willie gates,0,0,0,362
wilson reis,4,1,0,1869
wu yanan,1,1,1,708
wulijiburen,1,0,2,628
yair rodriguez,2,1,1,573
yan cabral,0,0,0,189
yan xiaonan,0,0,0,784
yana santos,1,0,1,2332
yanal ashmouz,0,0,0,7
yancy medeiros,3,1,3,433
yao zhikui,0,0,0,115
yaotzin meza,0,0,0,122
yazmin jauregui,0,0,0,183
yi zha,0,0,0,499
yoel romero,0,0,0,710
yohan lainesse,1,0,0,114
yorgan de castro,0,0,0,213
yoshinori horie,0,0,0,2
youssef zalal,8,0,6,2188
yusaku kinoshita,0,0,0,1
yushin okami,1,0,0,916
yusuke kasuya,0,0,1,99
yuta sasaki,3,3,3,676
zabit magomedsharipov,4,3,3,1513
zac pauga,0,0,0,520
zach makovsky,1,0,1,206
zak cummings,5,3,0,784
zak ottow,2,0,1,667
zarah fairn,0,0,1,31
zarrukh adashev,1,0,0,47
zelim imadaev,0,0,0,364
zhalgas zhumagulov,1,1,0,463
zhang weili,3,2,2,1029
zubaira tukhugov,0,0,1,447
zviad lazishvili,0,0,0,90
